{"UiPath.GSuite.Activities.Docs.GoogleDocsApplicationScope":{"ActivityType":"UiPath.GSuite.Activities.Docs.GoogleDocsApplicationScope","BindingType":"Connection","PropertiesMetadata":[{"ContractName":"ConnectionId","PropertyName":"ConnectionId"},{"ContractName":"ConnectionName","PropertyName":"ConnectionAccountName"},{"ContractName":"Connector","PropertyName":"Connector"},{"ContractName":"UseConnectionService","PropertyName":"UseConnectionService"}]},"UiPath.GSuite.Activities.Sheets.GoogleSheetsApplicationScope":{"ActivityType":"UiPath.GSuite.Activities.Sheets.GoogleSheetsApplicationScope","BindingType":"Connection","PropertiesMetadata":[{"ContractName":"ConnectionId","PropertyName":"ConnectionId"},{"ContractName":"ConnectionName","PropertyName":"ConnectionAccountName"},{"ContractName":"Connector","PropertyName":"Connector"},{"ContractName":"UseConnectionService","PropertyName":"UseConnectionService"}]},"UiPath.GSuite.Activities.Drive.GoogleDriveApplicationScope":{"ActivityType":"UiPath.GSuite.Activities.Drive.GoogleDriveApplicationScope","BindingType":"Connection","PropertiesMetadata":[{"ContractName":"ConnectionId","PropertyName":"ConnectionId"},{"ContractName":"ConnectionName","PropertyName":"ConnectionAccountName"},{"ContractName":"Connector","PropertyName":"Connector"},{"ContractName":"UseConnectionService","PropertyName":"UseConnectionService"}]}}