{
  "Packages": [
    {
      "Package": {
        "Id": "Microsoft.Activities",
        "Version": "1.0.1"
      },
      "Assemblies": [
        "C:\\Users\\ppatidar002\\.nuget\\packages\\microsoft.activities/1.0.1\\lib/net45/Microsoft.Activities.Design.Services.dll",
        "C:\\Users\\ppatidar002\\.nuget\\packages\\microsoft.activities/1.0.1\\lib/net45/Microsoft.Activities.Design.dll",
        "C:\\Users\\ppatidar002\\.nuget\\packages\\microsoft.activities/1.0.1\\lib/net45/Microsoft.Activities.dll",
        "C:\\Users\\ppatidar002\\.nuget\\packages\\microsoft.activities/1.0.1\\lib/net45/Microsoft.Workflow.Client.dll",
        "C:\\Users\\ppatidar002\\.nuget\\packages\\microsoft.activities/1.0.1\\lib/net45/Microsoft.Workflow.Common.dll",
        "C:\\Users\\ppatidar002\\.nuget\\packages\\microsoft.activities/1.0.1\\lib/net45/Microsoft.Workflow.Tracing.dll"
      ],
      "Path": "C:\\Users\\ppatidar002\\.nuget\\packages\\microsoft.activities\\1.0.1"
    },
    {
      "Package": {
        "Id": "UiPath.Excel.Activities",
        "Version": "2.9.5"
      },
      "Assemblies": [
        "C:\\Users\\ppatidar002\\.nuget\\packages\\closedxml/0.87.1\\lib/net40/ClosedXML.dll",
        "C:\\Users\\ppatidar002\\.nuget\\packages\\csvhelper/2.13.5\\lib/net40-client/CsvHelper.dll",
        "C:\\Users\\ppatidar002\\.nuget\\packages\\documentformat.openxml/2.5.0\\lib/DocumentFormat.OpenXml.dll",
        "C:\\Users\\ppatidar002\\.nuget\\packages\\microsoft.visualstudio.ole.interop/7.10.6071\\lib/Microsoft.VisualStudio.OLE.Interop.dll",
        "C:\\Users\\ppatidar002\\.nuget\\packages\\npoi/2.4.1\\lib/net45/NPOI.OOXML.dll",
        "C:\\Users\\ppatidar002\\.nuget\\packages\\npoi/2.4.1\\lib/net45/NPOI.OpenXml4Net.dll",
        "C:\\Users\\ppatidar002\\.nuget\\packages\\npoi/2.4.1\\lib/net45/NPOI.OpenXmlFormats.dll",
        "C:\\Users\\ppatidar002\\.nuget\\packages\\npoi/2.4.1\\lib/net45/NPOI.dll",
        "C:\\Users\\ppatidar002\\.nuget\\packages\\sharpziplib/1.2.0\\lib/net45/ICSharpCode.SharpZipLib.dll",
        "C:\\Users\\ppatidar002\\.nuget\\packages\\uipath.excel.activities/2.9.5\\lib/net461/UiPath.Excel.Activities.Design.dll",
        "C:\\Users\\ppatidar002\\.nuget\\packages\\uipath.excel.activities/2.9.5\\lib/net461/UiPath.Excel.Activities.dll",
        "C:\\Users\\ppatidar002\\.nuget\\packages\\uipath.excel.activities/2.9.5\\lib/net461/UiPath.Excel.dll"
      ],
      "Path": "C:\\Users\\ppatidar002\\.nuget\\packages\\uipath.excel.activities\\2.9.5"
    },
    {
      "Package": {
        "Id": "UiPath.GSuite.Activities",
        "Version": "1.13.2"
      },
      "Assemblies": [
        "C:\\Users\\ppatidar002\\.nuget\\packages\\google.apis/1.43.0\\lib/net45/Google.Apis.PlatformServices.dll",
        "C:\\Users\\ppatidar002\\.nuget\\packages\\google.apis/1.43.0\\lib/net45/Google.Apis.dll",
        "C:\\Users\\ppatidar002\\.nuget\\packages\\google.apis.auth/1.43.0\\lib/net45/Google.Apis.Auth.PlatformServices.dll",
        "C:\\Users\\ppatidar002\\.nuget\\packages\\google.apis.auth/1.43.0\\lib/net45/Google.Apis.Auth.dll",
        "C:\\Users\\ppatidar002\\.nuget\\packages\\google.apis.calendar.v3/1.43.0.1872\\lib/net45/Google.Apis.Calendar.v3.dll",
        "C:\\Users\\ppatidar002\\.nuget\\packages\\google.apis.core/1.43.0\\lib/net45/Google.Apis.Core.dll",
        "C:\\Users\\ppatidar002\\.nuget\\packages\\google.apis.docs.v1/1.43.0.1869\\lib/net45/Google.Apis.Docs.v1.dll",
        "C:\\Users\\ppatidar002\\.nuget\\packages\\google.apis.drive.v3/1.43.0.1863\\lib/net45/Google.Apis.Drive.v3.dll",
        "C:\\Users\\ppatidar002\\.nuget\\packages\\google.apis.gmail.v1/1.43.0.1859\\lib/net45/Google.Apis.Gmail.v1.dll",
        "C:\\Users\\ppatidar002\\.nuget\\packages\\google.apis.script.v1/1.43.0.1871\\lib/net45/Google.Apis.Script.v1.dll",
        "C:\\Users\\ppatidar002\\.nuget\\packages\\google.apis.sheets.v4/1.43.0.1867\\lib/net45/Google.Apis.Sheets.v4.dll",
        "C:\\Users\\ppatidar002\\.nuget\\packages\\mimekit/2.10.0\\lib/net46/MimeKit.dll",
        "C:\\Users\\ppatidar002\\.nuget\\packages\\newtonsoft.json/11.0.2\\lib/net45/Newtonsoft.Json.dll",
        "C:\\Users\\ppatidar002\\.nuget\\packages\\nito.asyncex.context/5.1.0\\lib/netstandard2.0/Nito.AsyncEx.Context.dll",
        "C:\\Users\\ppatidar002\\.nuget\\packages\\nito.asyncex.coordination/5.1.0\\lib/netstandard2.0/Nito.AsyncEx.Coordination.dll",
        "C:\\Users\\ppatidar002\\.nuget\\packages\\nito.asyncex.interop.waithandles/5.1.0\\lib/netstandard2.0/Nito.AsyncEx.Interop.WaitHandles.dll",
        "C:\\Users\\ppatidar002\\.nuget\\packages\\nito.asyncex.oop/5.1.0\\lib/netstandard2.0/Nito.AsyncEx.Oop.dll",
        "C:\\Users\\ppatidar002\\.nuget\\packages\\nito.asyncex.tasks/5.1.0\\lib/netstandard2.0/Nito.AsyncEx.Tasks.dll",
        "C:\\Users\\ppatidar002\\.nuget\\packages\\nito.cancellation/1.1.0\\lib/netstandard2.0/Nito.Cancellation.dll",
        "C:\\Users\\ppatidar002\\.nuget\\packages\\nito.collections.deque/1.1.0\\lib/netstandard2.0/Nito.Collections.Deque.dll",
        "C:\\Users\\ppatidar002\\.nuget\\packages\\nito.disposables/2.2.0\\lib/net461/Nito.Disposables.dll",
        "C:\\Users\\ppatidar002\\.nuget\\packages\\nodatime/2.4.7\\lib/net45/NodaTime.dll",
        "C:\\Users\\ppatidar002\\.nuget\\packages\\portable.bouncycastle/1.8.8\\lib/net40/BouncyCastle.Crypto.dll",
        "C:\\Users\\ppatidar002\\.nuget\\packages\\system.buffers/4.5.1\\lib/net461/System.Buffers.dll",
        "C:\\Users\\ppatidar002\\.nuget\\packages\\system.collections.immutable/1.5.0\\lib/netstandard2.0/System.Collections.Immutable.dll",
        "C:\\Users\\ppatidar002\\.nuget\\packages\\system.io.abstractions/3.0.10\\lib/net40/System.IO.Abstractions.dll",
        "C:\\Users\\ppatidar002\\.nuget\\packages\\system.threading.tasks.dataflow/5.0.0\\lib/net461/System.Threading.Tasks.Dataflow.dll",
        "C:\\Users\\ppatidar002\\.nuget\\packages\\system.valuetuple/4.5.0\\lib/net461/System.ValueTuple.dll",
        "C:\\Users\\ppatidar002\\.nuget\\packages\\uipath.activities.runtimegovernance/1.1.3\\lib/net461/UiPath.Activities.RuntimeGovernance.dll",
        "C:\\Users\\ppatidar002\\.nuget\\packages\\uipath.connectionclient/1.0.0-20210921.1\\lib/net461/ConnectionClient.dll",
        "C:\\Users\\ppatidar002\\.nuget\\packages\\uipath.gsuite.activities/1.13.2\\lib/net461/UiPath.GSuite.Activities.Design.dll",
        "C:\\Users\\ppatidar002\\.nuget\\packages\\uipath.gsuite.activities/1.13.2\\lib/net461/UiPath.GSuite.Activities.Package.dll",
        "C:\\Users\\ppatidar002\\.nuget\\packages\\uipath.gsuite.activities/1.13.2\\lib/net461/UiPath.GSuite.Activities.dll",
        "C:\\Users\\ppatidar002\\.nuget\\packages\\uipath.gsuite.activities/1.13.2\\lib/net461/UiPath.GSuite.dll",
        "C:\\Users\\ppatidar002\\.nuget\\packages\\uipath.gsuite.activities/1.13.2\\lib/net461/UiPath.Orchestrator.dll",
        "C:\\Users\\ppatidar002\\.nuget\\packages\\uipath.platform/21.10.0\\lib/net461/UiPath.Platform.dll",
        "C:\\Users\\ppatidar002\\.nuget\\packages\\uipath.telemetry.client/1.5.3\\lib/net461/TelemetryClient.dll"
      ],
      "Path": "C:\\Users\\ppatidar002\\.nuget\\packages\\uipath.gsuite.activities\\1.13.2"
    },
    {
      "Package": {
        "Id": "UiPath.System.Activities",
        "Version": "20.10.4"
      },
      "Assemblies": [
        "C:\\Users\\ppatidar002\\.nuget\\packages\\csvhelper/2.13.5\\lib/net40-client/CsvHelper.dll",
        "C:\\Users\\ppatidar002\\.nuget\\packages\\microsoft.aspnet.signalr.client/2.4.0\\lib/net45/Microsoft.AspNet.SignalR.Client.dll",
        "C:\\Users\\ppatidar002\\.nuget\\packages\\microsoft.aspnetcore.connections.abstractions/3.1.6\\lib/netstandard2.0/Microsoft.AspNetCore.Connections.Abstractions.dll",
        "C:\\Users\\ppatidar002\\.nuget\\packages\\microsoft.aspnetcore.http.connections.client/3.1.6\\lib/netstandard2.0/Microsoft.AspNetCore.Http.Connections.Client.dll",
        "C:\\Users\\ppatidar002\\.nuget\\packages\\microsoft.aspnetcore.http.connections.common/3.1.6\\lib/netstandard2.0/Microsoft.AspNetCore.Http.Connections.Common.dll",
        "C:\\Users\\ppatidar002\\.nuget\\packages\\microsoft.aspnetcore.http.features/3.1.6\\lib/netstandard2.0/Microsoft.AspNetCore.Http.Features.dll",
        "C:\\Users\\ppatidar002\\.nuget\\packages\\microsoft.aspnetcore.signalr.client/3.1.6\\lib/netstandard2.0/Microsoft.AspNetCore.SignalR.Client.dll",
        "C:\\Users\\ppatidar002\\.nuget\\packages\\microsoft.aspnetcore.signalr.client.core/3.1.6\\lib/netstandard2.0/Microsoft.AspNetCore.SignalR.Client.Core.dll",
        "C:\\Users\\ppatidar002\\.nuget\\packages\\microsoft.aspnetcore.signalr.common/3.1.6\\lib/netstandard2.0/Microsoft.AspNetCore.SignalR.Common.dll",
        "C:\\Users\\ppatidar002\\.nuget\\packages\\microsoft.aspnetcore.signalr.protocols.json/3.1.6\\lib/netstandard2.0/Microsoft.AspNetCore.SignalR.Protocols.Json.dll",
        "C:\\Users\\ppatidar002\\.nuget\\packages\\microsoft.bcl.asyncinterfaces/1.1.1\\lib/net461/Microsoft.Bcl.AsyncInterfaces.dll",
        "C:\\Users\\ppatidar002\\.nuget\\packages\\microsoft.extensions.configuration/3.1.6\\lib/netstandard2.0/Microsoft.Extensions.Configuration.dll",
        "C:\\Users\\ppatidar002\\.nuget\\packages\\microsoft.extensions.configuration.abstractions/3.1.6\\lib/netstandard2.0/Microsoft.Extensions.Configuration.Abstractions.dll",
        "C:\\Users\\ppatidar002\\.nuget\\packages\\microsoft.extensions.configuration.binder/3.1.6\\lib/netstandard2.0/Microsoft.Extensions.Configuration.Binder.dll",
        "C:\\Users\\ppatidar002\\.nuget\\packages\\microsoft.extensions.dependencyinjection/3.1.6\\lib/net461/Microsoft.Extensions.DependencyInjection.dll",
        "C:\\Users\\ppatidar002\\.nuget\\packages\\microsoft.extensions.dependencyinjection.abstractions/3.1.6\\lib/netstandard2.0/Microsoft.Extensions.DependencyInjection.Abstractions.dll",
        "C:\\Users\\ppatidar002\\.nuget\\packages\\microsoft.extensions.logging/3.1.6\\lib/netstandard2.0/Microsoft.Extensions.Logging.dll",
        "C:\\Users\\ppatidar002\\.nuget\\packages\\microsoft.extensions.logging.abstractions/3.1.6\\lib/netstandard2.0/Microsoft.Extensions.Logging.Abstractions.dll",
        "C:\\Users\\ppatidar002\\.nuget\\packages\\microsoft.extensions.options/3.1.6\\lib/netstandard2.0/Microsoft.Extensions.Options.dll",
        "C:\\Users\\ppatidar002\\.nuget\\packages\\microsoft.extensions.primitives/3.1.6\\lib/netstandard2.0/Microsoft.Extensions.Primitives.dll",
        "C:\\Users\\ppatidar002\\.nuget\\packages\\microsoft.rest.clientruntime/2.3.21\\lib/net461/Microsoft.Rest.ClientRuntime.dll",
        "C:\\Users\\ppatidar002\\.nuget\\packages\\newtonsoft.json/11.0.2\\lib/net45/Newtonsoft.Json.dll",
        "C:\\Users\\ppatidar002\\.nuget\\packages\\sharpziplib/1.2.0\\lib/net45/ICSharpCode.SharpZipLib.dll",
        "C:\\Users\\ppatidar002\\.nuget\\packages\\system.buffers/4.5.1\\lib/net461/System.Buffers.dll",
        "C:\\Users\\ppatidar002\\.nuget\\packages\\system.componentmodel.annotations/4.7.0\\lib/net461/System.ComponentModel.Annotations.dll",
        "C:\\Users\\ppatidar002\\.nuget\\packages\\system.io.abstractions/3.0.10\\lib/net40/System.IO.Abstractions.dll",
        "C:\\Users\\ppatidar002\\.nuget\\packages\\system.io.pipelines/4.7.1\\lib/netstandard2.0/System.IO.Pipelines.dll",
        "C:\\Users\\ppatidar002\\.nuget\\packages\\system.memory/4.5.4\\lib/net461/System.Memory.dll",
        "C:\\Users\\ppatidar002\\.nuget\\packages\\system.numerics.vectors/4.5.0\\lib/net46/System.Numerics.Vectors.dll",
        "C:\\Users\\ppatidar002\\.nuget\\packages\\system.runtime.compilerservices.unsafe/4.7.1\\lib/net461/System.Runtime.CompilerServices.Unsafe.dll",
        "C:\\Users\\ppatidar002\\.nuget\\packages\\system.text.encodings.web/4.7.1\\lib/net461/System.Text.Encodings.Web.dll",
        "C:\\Users\\ppatidar002\\.nuget\\packages\\system.text.json/4.7.2\\lib/net461/System.Text.Json.dll",
        "C:\\Users\\ppatidar002\\.nuget\\packages\\system.threading.channels/4.7.1\\lib/net461/System.Threading.Channels.dll",
        "C:\\Users\\ppatidar002\\.nuget\\packages\\system.threading.tasks.extensions/4.5.4\\lib/net461/System.Threading.Tasks.Extensions.dll",
        "C:\\Users\\ppatidar002\\.nuget\\packages\\system.valuetuple/4.5.0\\lib/net461/System.ValueTuple.dll",
        "C:\\Users\\ppatidar002\\.nuget\\packages\\uipath.platform/21.10.0\\lib/net461/UiPath.Platform.dll",
        "C:\\Users\\ppatidar002\\.nuget\\packages\\uipath.system.activities/20.10.4\\lib/net461/ActiproSoftware.Docking.Wpf.dll",
        "C:\\Users\\ppatidar002\\.nuget\\packages\\uipath.system.activities/20.10.4\\lib/net461/ActiproSoftware.Ribbon.Wpf.dll",
        "C:\\Users\\ppatidar002\\.nuget\\packages\\uipath.system.activities/20.10.4\\lib/net461/ActiproSoftware.Shared.Wpf.dll",
        "C:\\Users\\ppatidar002\\.nuget\\packages\\uipath.system.activities/20.10.4\\lib/net461/ActiproSoftware.SyntaxEditor.Addons.DotNet.Wpf.dll",
        "C:\\Users\\ppatidar002\\.nuget\\packages\\uipath.system.activities/20.10.4\\lib/net461/ActiproSoftware.SyntaxEditor.Wpf.dll",
        "C:\\Users\\ppatidar002\\.nuget\\packages\\uipath.system.activities/20.10.4\\lib/net461/ActiproSoftware.Text.Addons.DotNet.Wpf.dll",
        "C:\\Users\\ppatidar002\\.nuget\\packages\\uipath.system.activities/20.10.4\\lib/net461/ActiproSoftware.Text.LLParser.Wpf.dll",
        "C:\\Users\\ppatidar002\\.nuget\\packages\\uipath.system.activities/20.10.4\\lib/net461/ActiproSoftware.Text.Wpf.dll",
        "C:\\Users\\ppatidar002\\.nuget\\packages\\uipath.system.activities/20.10.4\\lib/net461/ActiproSoftware.Wizard.Wpf.dll",
        "C:\\Users\\ppatidar002\\.nuget\\packages\\uipath.system.activities/20.10.4\\lib/net461/UiPath.OrchestratorClient.dll",
        "C:\\Users\\ppatidar002\\.nuget\\packages\\uipath.system.activities/20.10.4\\lib/net461/UiPath.System.Activities.Design.dll",
        "C:\\Users\\ppatidar002\\.nuget\\packages\\uipath.system.activities/20.10.4\\lib/net461/UiPath.System.Activities.dll"
      ],
      "Path": "C:\\Users\\ppatidar002\\.nuget\\packages\\uipath.system.activities\\20.10.4"
    },
    {
      "Package": {
        "Id": "UiPath.UIAutomation.Activities",
        "Version": "20.10.9"
      },
      "Assemblies": [
        "C:\\Users\\ppatidar002\\.nuget\\packages\\aforge/2.2.5\\lib/AForge.dll",
        "C:\\Users\\ppatidar002\\.nuget\\packages\\aforge.imaging/2.2.5\\lib/AForge.Imaging.dll",
        "C:\\Users\\ppatidar002\\.nuget\\packages\\aforge.math/2.2.5\\lib/AForge.Math.dll",
        "C:\\Users\\ppatidar002\\.nuget\\packages\\avalonedit/6.0.1\\lib/net45/ICSharpCode.AvalonEdit.dll",
        "C:\\Users\\ppatidar002\\.nuget\\packages\\extended.wpf.toolkit/3.8.1\\lib/net40/Xceed.Wpf.AvalonDock.Themes.Aero.dll",
        "C:\\Users\\ppatidar002\\.nuget\\packages\\extended.wpf.toolkit/3.8.1\\lib/net40/Xceed.Wpf.AvalonDock.Themes.Metro.dll",
        "C:\\Users\\ppatidar002\\.nuget\\packages\\extended.wpf.toolkit/3.8.1\\lib/net40/Xceed.Wpf.AvalonDock.Themes.VS2010.dll",
        "C:\\Users\\ppatidar002\\.nuget\\packages\\extended.wpf.toolkit/3.8.1\\lib/net40/Xceed.Wpf.AvalonDock.dll",
        "C:\\Users\\ppatidar002\\.nuget\\packages\\extended.wpf.toolkit/3.8.1\\lib/net40/Xceed.Wpf.Toolkit.dll",
        "C:\\Users\\ppatidar002\\.nuget\\packages\\humanizer.core/2.4.2\\lib/netstandard2.0/Humanizer.dll",
        "C:\\Users\\ppatidar002\\.nuget\\packages\\newtonsoft.json/11.0.2\\lib/net45/Newtonsoft.Json.dll",
        "C:\\Users\\ppatidar002\\.nuget\\packages\\nlog/4.5.11\\lib/net45/NLog.dll",
        "C:\\Users\\ppatidar002\\.nuget\\packages\\system.collections.immutable/1.5.0\\lib/netstandard2.0/System.Collections.Immutable.dll",
        "C:\\Users\\ppatidar002\\.nuget\\packages\\system.io.abstractions/3.0.10\\lib/net40/System.IO.Abstractions.dll",
        "C:\\Users\\ppatidar002\\.nuget\\packages\\system.threading.tasks.dataflow/5.0.0\\lib/net461/System.Threading.Tasks.Dataflow.dll",
        "C:\\Users\\ppatidar002\\.nuget\\packages\\system.valuetuple/4.5.0\\lib/net461/System.ValueTuple.dll",
        "C:\\Users\\ppatidar002\\.nuget\\packages\\uipath/20.10.7641.24102\\lib/UiPath.Interop.dll",
        "C:\\Users\\ppatidar002\\.nuget\\packages\\uipath.ocr.activities/2.4.1\\lib/net461/UiPath.OCR.Activities.Design.dll",
        "C:\\Users\\ppatidar002\\.nuget\\packages\\uipath.ocr.activities/2.4.1\\lib/net461/UiPath.OCR.Activities.dll",
        "C:\\Users\\ppatidar002\\.nuget\\packages\\uipath.ocr.activities/2.4.1\\lib/net461/UiPath.OCR.Core.dll",
        "C:\\Users\\ppatidar002\\.nuget\\packages\\uipath.ocr.contracts/2.7.1\\lib/net461/UiPath.OCR.Contracts.dll",
        "C:\\Users\\ppatidar002\\.nuget\\packages\\uipath.platform/21.10.0\\lib/net461/UiPath.Platform.dll",
        "C:\\Users\\ppatidar002\\.nuget\\packages\\uipath.telemetry.client/1.5.3\\lib/net461/TelemetryClient.dll",
        "C:\\Users\\ppatidar002\\.nuget\\packages\\uipath.uiautomation.activities/20.10.9\\lib/net461/ActiproSoftware.DataGrid.Contrib.Wpf.dll",
        "C:\\Users\\ppatidar002\\.nuget\\packages\\uipath.uiautomation.activities/20.10.9\\lib/net461/ActiproSoftware.Docking.Wpf.dll",
        "C:\\Users\\ppatidar002\\.nuget\\packages\\uipath.uiautomation.activities/20.10.9\\lib/net461/ActiproSoftware.Editors.Wpf.dll",
        "C:\\Users\\ppatidar002\\.nuget\\packages\\uipath.uiautomation.activities/20.10.9\\lib/net461/ActiproSoftware.Ribbon.Wpf.dll",
        "C:\\Users\\ppatidar002\\.nuget\\packages\\uipath.uiautomation.activities/20.10.9\\lib/net461/ActiproSoftware.Shared.Wpf.dll",
        "C:\\Users\\ppatidar002\\.nuget\\packages\\uipath.uiautomation.activities/20.10.9\\lib/net461/ActiproSoftware.SyntaxEditor.Addons.DotNet.Wpf.dll",
        "C:\\Users\\ppatidar002\\.nuget\\packages\\uipath.uiautomation.activities/20.10.9\\lib/net461/ActiproSoftware.SyntaxEditor.Wpf.dll",
        "C:\\Users\\ppatidar002\\.nuget\\packages\\uipath.uiautomation.activities/20.10.9\\lib/net461/ActiproSoftware.Text.Addons.DotNet.Wpf.dll",
        "C:\\Users\\ppatidar002\\.nuget\\packages\\uipath.uiautomation.activities/20.10.9\\lib/net461/ActiproSoftware.Text.LLParser.Wpf.dll",
        "C:\\Users\\ppatidar002\\.nuget\\packages\\uipath.uiautomation.activities/20.10.9\\lib/net461/ActiproSoftware.Text.Wpf.dll",
        "C:\\Users\\ppatidar002\\.nuget\\packages\\uipath.uiautomation.activities/20.10.9\\lib/net461/ActiproSoftware.Wizard.Wpf.dll",
        "C:\\Users\\ppatidar002\\.nuget\\packages\\uipath.uiautomation.activities/20.10.9\\lib/net461/UiPath.CV.Activities.Design.dll",
        "C:\\Users\\ppatidar002\\.nuget\\packages\\uipath.uiautomation.activities/20.10.9\\lib/net461/UiPath.CV.Activities.dll",
        "C:\\Users\\ppatidar002\\.nuget\\packages\\uipath.uiautomation.activities/20.10.9\\lib/net461/UiPath.CV.dll",
        "C:\\Users\\ppatidar002\\.nuget\\packages\\uipath.uiautomation.activities/20.10.9\\lib/net461/UiPath.UIAutomation.Activities.Design.dll",
        "C:\\Users\\ppatidar002\\.nuget\\packages\\uipath.uiautomation.activities/20.10.9\\lib/net461/UiPath.UIAutomationCore.dll",
        "C:\\Users\\ppatidar002\\.nuget\\packages\\uipath.uiautomation.activities/20.10.9\\lib/net461/UiPath.UIAutomationNext.Activities.Design.dll",
        "C:\\Users\\ppatidar002\\.nuget\\packages\\uipath.uiautomation.activities/20.10.9\\lib/net461/UiPath.UIAutomationNext.Activities.dll",
        "C:\\Users\\ppatidar002\\.nuget\\packages\\uipath.uiautomation.activities/20.10.9\\lib/net461/UiPath.UIAutomationNext.dll",
        "C:\\Users\\ppatidar002\\.nuget\\packages\\uipath.uiautomation.activities/20.10.9\\lib/net461/UiPath.UiAutomation.Activities.dll",
        "C:\\Users\\ppatidar002\\.nuget\\packages\\uipath.uiautomation.activities/20.10.9\\lib/net461/UiPath.Wizards.dll",
        "C:\\Users\\ppatidar002\\.nuget\\packages\\uipath.vision/2.2.0\\lib/net461/UiPath.Vision.AzureComputerVision.dll",
        "C:\\Users\\ppatidar002\\.nuget\\packages\\uipath.vision/2.2.0\\lib/net461/UiPath.Vision.Core.dll",
        "C:\\Users\\ppatidar002\\.nuget\\packages\\uipath.vision/2.2.0\\lib/net461/UiPath.Vision.GoogleCloud.dll",
        "C:\\Users\\ppatidar002\\.nuget\\packages\\uipath.vision/2.2.0\\lib/net461/UiPath.Vision.Microsoft.dll",
        "C:\\Users\\ppatidar002\\.nuget\\packages\\uipath.vision/2.2.0\\lib/net461/UiPath.Vision.MicrosoftCloud.dll",
        "C:\\Users\\ppatidar002\\.nuget\\packages\\uipath.vision/2.2.0\\lib/net461/UiPath.Vision.Tesseract.dll",
        "C:\\Users\\ppatidar002\\.nuget\\packages\\uipath.vision/2.2.0\\lib/net461/UiPath.Vision.dll"
      ],
      "Path": "C:\\Users\\ppatidar002\\.nuget\\packages\\uipath.uiautomation.activities\\20.10.9"
    },
    {
      "Package": {
        "Id": "UiPath.WebAPI.Activities",
        "Version": "1.9.2"
      },
      "Assemblies": [
        "C:\\Users\\ppatidar002\\.nuget\\packages\\avalonedit/6.0.1\\lib/net45/ICSharpCode.AvalonEdit.dll",
        "C:\\Users\\ppatidar002\\.nuget\\packages\\newtonsoft.json/11.0.2\\lib/net45/Newtonsoft.Json.dll",
        "C:\\Users\\ppatidar002\\.nuget\\packages\\restsharp/106.6.10\\lib/net452/RestSharp.dll",
        "C:\\Users\\ppatidar002\\.nuget\\packages\\uipath.webapi.activities/1.9.2\\lib/net461/UiPath.Web.Activities.Design.dll",
        "C:\\Users\\ppatidar002\\.nuget\\packages\\uipath.webapi.activities/1.9.2\\lib/net461/UiPath.Web.Activities.dll",
        "C:\\Users\\ppatidar002\\.nuget\\packages\\uipath.webapi.activities/1.9.2\\lib/net461/UiPath.Web.dll"
      ],
      "Path": "C:\\Users\\ppatidar002\\.nuget\\packages\\uipath.webapi.activities\\1.9.2"
    }
  ],
  "Conflicts": [],
  "ResolvedDependencies": {
    "AForge": {
      "Id": "AForge",
      "Version": "2.2.5",
      "Dependencies": []
    },
    "AForge.Imaging": {
      "Id": "AForge.Imaging",
      "Version": "2.2.5",
      "Dependencies": [
        {
          "Item1": "AForge",
          "Item2": "[2.2.5, )"
        },
        {
          "Item1": "AForge.Math",
          "Item2": "[2.2.5, )"
        }
      ]
    },
    "AForge.Math": {
      "Id": "AForge.Math",
      "Version": "2.2.5",
      "Dependencies": [
        {
          "Item1": "AForge",
          "Item2": "[2.2.5, )"
        }
      ]
    },
    "AvalonEdit": {
      "Id": "AvalonEdit",
      "Version": "6.0.1",
      "Dependencies": []
    },
    "ClosedXML": {
      "Id": "ClosedXML",
      "Version": "0.87.1",
      "Dependencies": [
        {
          "Item1": "DocumentFormat.OpenXml",
          "Item2": "[2.5.0, )"
        }
      ]
    },
    "CsvHelper": {
      "Id": "CsvHelper",
      "Version": "2.13.5",
      "Dependencies": []
    },
    "DocumentFormat.OpenXml": {
      "Id": "DocumentFormat.OpenXml",
      "Version": "2.5.0",
      "Dependencies": []
    },
    "Extended.Wpf.Toolkit": {
      "Id": "Extended.Wpf.Toolkit",
      "Version": "3.8.1",
      "Dependencies": []
    },
    "Google.Apis": {
      "Id": "Google.Apis",
      "Version": "1.43.0",
      "Dependencies": [
        {
          "Item1": "Google.Apis.Core",
          "Item2": "[1.43.0, )"
        },
        {
          "Item1": "Newtonsoft.Json",
          "Item2": "[10.0.2, )"
        }
      ]
    },
    "Google.Apis.Auth": {
      "Id": "Google.Apis.Auth",
      "Version": "1.43.0",
      "Dependencies": [
        {
          "Item1": "Google.Apis.Core",
          "Item2": "[1.43.0, )"
        },
        {
          "Item1": "Google.Apis",
          "Item2": "[1.43.0, )"
        }
      ]
    },
    "Google.Apis.Calendar.v3": {
      "Id": "Google.Apis.Calendar.v3",
      "Version": "1.43.0.1872",
      "Dependencies": [
        {
          "Item1": "Google.Apis",
          "Item2": "[1.43.0, )"
        },
        {
          "Item1": "Google.Apis.Auth",
          "Item2": "[1.43.0, )"
        }
      ]
    },
    "Google.Apis.Core": {
      "Id": "Google.Apis.Core",
      "Version": "1.43.0",
      "Dependencies": [
        {
          "Item1": "Newtonsoft.Json",
          "Item2": "[10.0.2, )"
        }
      ]
    },
    "Google.Apis.Docs.v1": {
      "Id": "Google.Apis.Docs.v1",
      "Version": "1.43.0.1869",
      "Dependencies": [
        {
          "Item1": "Google.Apis",
          "Item2": "[1.43.0, )"
        },
        {
          "Item1": "Google.Apis.Auth",
          "Item2": "[1.43.0, )"
        }
      ]
    },
    "Google.Apis.Drive.v3": {
      "Id": "Google.Apis.Drive.v3",
      "Version": "1.43.0.1863",
      "Dependencies": [
        {
          "Item1": "Google.Apis",
          "Item2": "[1.43.0, )"
        },
        {
          "Item1": "Google.Apis.Auth",
          "Item2": "[1.43.0, )"
        }
      ]
    },
    "Google.Apis.Gmail.v1": {
      "Id": "Google.Apis.Gmail.v1",
      "Version": "1.43.0.1859",
      "Dependencies": [
        {
          "Item1": "Google.Apis",
          "Item2": "[1.43.0, )"
        },
        {
          "Item1": "Google.Apis.Auth",
          "Item2": "[1.43.0, )"
        }
      ]
    },
    "Google.Apis.PeopleService.v1": {
      "Id": "Google.Apis.PeopleService.v1",
      "Version": "1.43.0.1876",
      "Dependencies": [
        {
          "Item1": "Google.Apis",
          "Item2": "[1.43.0, )"
        },
        {
          "Item1": "Google.Apis.Auth",
          "Item2": "[1.43.0, )"
        }
      ]
    },
    "Google.Apis.Script.v1": {
      "Id": "Google.Apis.Script.v1",
      "Version": "1.43.0.1871",
      "Dependencies": [
        {
          "Item1": "Google.Apis",
          "Item2": "[1.43.0, )"
        },
        {
          "Item1": "Google.Apis.Auth",
          "Item2": "[1.43.0, )"
        }
      ]
    },
    "Google.Apis.Sheets.v4": {
      "Id": "Google.Apis.Sheets.v4",
      "Version": "1.43.0.1867",
      "Dependencies": [
        {
          "Item1": "Google.Apis",
          "Item2": "[1.43.0, )"
        },
        {
          "Item1": "Google.Apis.Auth",
          "Item2": "[1.43.0, )"
        }
      ]
    },
    "Humanizer.Core": {
      "Id": "Humanizer.Core",
      "Version": "2.4.2",
      "Dependencies": []
    },
    "Microsoft.Activities": {
      "Id": "Microsoft.Activities",
      "Version": "1.0.1",
      "Dependencies": []
    },
    "Microsoft.AspNet.SignalR.Client": {
      "Id": "Microsoft.AspNet.SignalR.Client",
      "Version": "2.4.0",
      "Dependencies": [
        {
          "Item1": "Newtonsoft.Json",
          "Item2": "[6.0.4, )"
        }
      ]
    },
    "Microsoft.AspNetCore.Connections.Abstractions": {
      "Id": "Microsoft.AspNetCore.Connections.Abstractions",
      "Version": "3.1.6",
      "Dependencies": [
        {
          "Item1": "Microsoft.AspNetCore.Http.Features",
          "Item2": "[3.1.6, )"
        },
        {
          "Item1": "Microsoft.Bcl.AsyncInterfaces",
          "Item2": "[1.1.1, )"
        },
        {
          "Item1": "System.IO.Pipelines",
          "Item2": "[4.7.1, )"
        }
      ]
    },
    "Microsoft.AspNetCore.Http.Connections.Client": {
      "Id": "Microsoft.AspNetCore.Http.Connections.Client",
      "Version": "3.1.6",
      "Dependencies": [
        {
          "Item1": "Microsoft.AspNetCore.Http.Connections.Common",
          "Item2": "[3.1.6, )"
        },
        {
          "Item1": "Microsoft.Extensions.Logging.Abstractions",
          "Item2": "[3.1.6, )"
        },
        {
          "Item1": "Microsoft.Extensions.Options",
          "Item2": "[3.1.6, )"
        }
      ]
    },
    "Microsoft.AspNetCore.Http.Connections.Common": {
      "Id": "Microsoft.AspNetCore.Http.Connections.Common",
      "Version": "3.1.6",
      "Dependencies": [
        {
          "Item1": "Microsoft.AspNetCore.Connections.Abstractions",
          "Item2": "[3.1.6, )"
        },
        {
          "Item1": "System.Text.Json",
          "Item2": "[4.7.2, )"
        }
      ]
    },
    "Microsoft.AspNetCore.Http.Features": {
      "Id": "Microsoft.AspNetCore.Http.Features",
      "Version": "3.1.6",
      "Dependencies": [
        {
          "Item1": "Microsoft.Extensions.Primitives",
          "Item2": "[3.1.6, )"
        },
        {
          "Item1": "System.IO.Pipelines",
          "Item2": "[4.7.1, )"
        }
      ]
    },
    "Microsoft.AspNetCore.SignalR.Client": {
      "Id": "Microsoft.AspNetCore.SignalR.Client",
      "Version": "3.1.6",
      "Dependencies": [
        {
          "Item1": "Microsoft.AspNetCore.SignalR.Client.Core",
          "Item2": "[3.1.6, )"
        },
        {
          "Item1": "Microsoft.AspNetCore.Http.Connections.Client",
          "Item2": "[3.1.6, )"
        }
      ]
    },
    "Microsoft.AspNetCore.SignalR.Client.Core": {
      "Id": "Microsoft.AspNetCore.SignalR.Client.Core",
      "Version": "3.1.6",
      "Dependencies": [
        {
          "Item1": "Microsoft.AspNetCore.SignalR.Protocols.Json",
          "Item2": "[3.1.6, )"
        },
        {
          "Item1": "Microsoft.AspNetCore.SignalR.Common",
          "Item2": "[3.1.6, )"
        },
        {
          "Item1": "Microsoft.Bcl.AsyncInterfaces",
          "Item2": "[1.1.1, )"
        },
        {
          "Item1": "Microsoft.Extensions.DependencyInjection",
          "Item2": "[3.1.6, )"
        },
        {
          "Item1": "Microsoft.Extensions.Logging",
          "Item2": "[3.1.6, )"
        },
        {
          "Item1": "System.Threading.Channels",
          "Item2": "[4.7.1, )"
        }
      ]
    },
    "Microsoft.AspNetCore.SignalR.Common": {
      "Id": "Microsoft.AspNetCore.SignalR.Common",
      "Version": "3.1.6",
      "Dependencies": [
        {
          "Item1": "Microsoft.AspNetCore.Connections.Abstractions",
          "Item2": "[3.1.6, )"
        },
        {
          "Item1": "Microsoft.Extensions.Options",
          "Item2": "[3.1.6, )"
        },
        {
          "Item1": "System.Text.Json",
          "Item2": "[4.7.2, )"
        }
      ]
    },
    "Microsoft.AspNetCore.SignalR.Protocols.Json": {
      "Id": "Microsoft.AspNetCore.SignalR.Protocols.Json",
      "Version": "3.1.6",
      "Dependencies": [
        {
          "Item1": "Microsoft.AspNetCore.SignalR.Common",
          "Item2": "[3.1.6, )"
        }
      ]
    },
    "Microsoft.Bcl.AsyncInterfaces": {
      "Id": "Microsoft.Bcl.AsyncInterfaces",
      "Version": "1.1.1",
      "Dependencies": [
        {
          "Item1": "System.Threading.Tasks.Extensions",
          "Item2": "[4.5.4, )"
        }
      ]
    },
    "Microsoft.CSharp": {
      "Id": "Microsoft.CSharp",
      "Version": "4.7.0",
      "Dependencies": []
    },
    "Microsoft.Extensions.Configuration": {
      "Id": "Microsoft.Extensions.Configuration",
      "Version": "3.1.6",
      "Dependencies": [
        {
          "Item1": "Microsoft.Extensions.Configuration.Abstractions",
          "Item2": "[3.1.6, )"
        }
      ]
    },
    "Microsoft.Extensions.Configuration.Abstractions": {
      "Id": "Microsoft.Extensions.Configuration.Abstractions",
      "Version": "3.1.6",
      "Dependencies": [
        {
          "Item1": "Microsoft.Extensions.Primitives",
          "Item2": "[3.1.6, )"
        }
      ]
    },
    "Microsoft.Extensions.Configuration.Binder": {
      "Id": "Microsoft.Extensions.Configuration.Binder",
      "Version": "3.1.6",
      "Dependencies": [
        {
          "Item1": "Microsoft.Extensions.Configuration",
          "Item2": "[3.1.6, )"
        }
      ]
    },
    "Microsoft.Extensions.DependencyInjection": {
      "Id": "Microsoft.Extensions.DependencyInjection",
      "Version": "3.1.6",
      "Dependencies": [
        {
          "Item1": "Microsoft.Extensions.DependencyInjection.Abstractions",
          "Item2": "[3.1.6, )"
        },
        {
          "Item1": "Microsoft.Bcl.AsyncInterfaces",
          "Item2": "[1.1.1, )"
        }
      ]
    },
    "Microsoft.Extensions.DependencyInjection.Abstractions": {
      "Id": "Microsoft.Extensions.DependencyInjection.Abstractions",
      "Version": "3.1.6",
      "Dependencies": []
    },
    "Microsoft.Extensions.Logging": {
      "Id": "Microsoft.Extensions.Logging",
      "Version": "3.1.6",
      "Dependencies": [
        {
          "Item1": "Microsoft.Extensions.Configuration.Binder",
          "Item2": "[3.1.6, )"
        },
        {
          "Item1": "Microsoft.Extensions.DependencyInjection",
          "Item2": "[3.1.6, )"
        },
        {
          "Item1": "Microsoft.Extensions.Logging.Abstractions",
          "Item2": "[3.1.6, )"
        },
        {
          "Item1": "Microsoft.Extensions.Options",
          "Item2": "[3.1.6, )"
        }
      ]
    },
    "Microsoft.Extensions.Logging.Abstractions": {
      "Id": "Microsoft.Extensions.Logging.Abstractions",
      "Version": "3.1.6",
      "Dependencies": []
    },
    "Microsoft.Extensions.Options": {
      "Id": "Microsoft.Extensions.Options",
      "Version": "3.1.6",
      "Dependencies": [
        {
          "Item1": "Microsoft.Extensions.DependencyInjection.Abstractions",
          "Item2": "[3.1.6, )"
        },
        {
          "Item1": "Microsoft.Extensions.Primitives",
          "Item2": "[3.1.6, )"
        },
        {
          "Item1": "System.ComponentModel.Annotations",
          "Item2": "[4.7.0, )"
        }
      ]
    },
    "Microsoft.Extensions.Primitives": {
      "Id": "Microsoft.Extensions.Primitives",
      "Version": "3.1.6",
      "Dependencies": [
        {
          "Item1": "System.Memory",
          "Item2": "[4.5.2, )"
        },
        {
          "Item1": "System.Runtime.CompilerServices.Unsafe",
          "Item2": "[4.7.1, )"
        }
      ]
    },
    "Microsoft.Rest.ClientRuntime": {
      "Id": "Microsoft.Rest.ClientRuntime",
      "Version": "2.3.21",
      "Dependencies": [
        {
          "Item1": "Newtonsoft.Json",
          "Item2": "[10.0.3, )"
        }
      ]
    },
    "Microsoft.VisualStudio.OLE.Interop": {
      "Id": "Microsoft.VisualStudio.OLE.Interop",
      "Version": "7.10.6071",
      "Dependencies": []
    },
    "MimeKit": {
      "Id": "MimeKit",
      "Version": "2.10.0",
      "Dependencies": [
        {
          "Item1": "System.Data.DataSetExtensions",
          "Item2": "[4.5.0, )"
        },
        {
          "Item1": "System.Buffers",
          "Item2": "[4.5.1, )"
        },
        {
          "Item1": "Portable.BouncyCastle",
          "Item2": "[1.8.8, )"
        }
      ]
    },
    "Newtonsoft.Json": {
      "Id": "Newtonsoft.Json",
      "Version": "11.0.2",
      "Dependencies": []
    },
    "Nito.AsyncEx": {
      "Id": "Nito.AsyncEx",
      "Version": "5.1.0",
      "Dependencies": [
        {
          "Item1": "Nito.AsyncEx.Context",
          "Item2": "[5.1.0, )"
        },
        {
          "Item1": "Nito.AsyncEx.Coordination",
          "Item2": "[5.1.0, )"
        },
        {
          "Item1": "Nito.AsyncEx.Interop.WaitHandles",
          "Item2": "[5.1.0, )"
        },
        {
          "Item1": "Nito.AsyncEx.Oop",
          "Item2": "[5.1.0, )"
        },
        {
          "Item1": "Nito.AsyncEx.Tasks",
          "Item2": "[5.1.0, )"
        },
        {
          "Item1": "Nito.Cancellation",
          "Item2": "[1.1.0, )"
        }
      ]
    },
    "Nito.AsyncEx.Context": {
      "Id": "Nito.AsyncEx.Context",
      "Version": "5.1.0",
      "Dependencies": [
        {
          "Item1": "Nito.AsyncEx.Tasks",
          "Item2": "[5.1.0, )"
        }
      ]
    },
    "Nito.AsyncEx.Coordination": {
      "Id": "Nito.AsyncEx.Coordination",
      "Version": "5.1.0",
      "Dependencies": [
        {
          "Item1": "Nito.AsyncEx.Tasks",
          "Item2": "[5.1.0, )"
        },
        {
          "Item1": "Nito.Collections.Deque",
          "Item2": "[1.1.0, )"
        }
      ]
    },
    "Nito.AsyncEx.Interop.WaitHandles": {
      "Id": "Nito.AsyncEx.Interop.WaitHandles",
      "Version": "5.1.0",
      "Dependencies": [
        {
          "Item1": "Nito.AsyncEx.Tasks",
          "Item2": "[5.1.0, )"
        }
      ]
    },
    "Nito.AsyncEx.Oop": {
      "Id": "Nito.AsyncEx.Oop",
      "Version": "5.1.0",
      "Dependencies": [
        {
          "Item1": "Nito.AsyncEx.Coordination",
          "Item2": "[5.1.0, )"
        }
      ]
    },
    "Nito.AsyncEx.Tasks": {
      "Id": "Nito.AsyncEx.Tasks",
      "Version": "5.1.0",
      "Dependencies": [
        {
          "Item1": "Nito.Disposables",
          "Item2": "[2.2.0, )"
        }
      ]
    },
    "Nito.Cancellation": {
      "Id": "Nito.Cancellation",
      "Version": "1.1.0",
      "Dependencies": [
        {
          "Item1": "Nito.Disposables",
          "Item2": "[2.2.0, )"
        }
      ]
    },
    "Nito.Collections.Deque": {
      "Id": "Nito.Collections.Deque",
      "Version": "1.1.0",
      "Dependencies": []
    },
    "Nito.Disposables": {
      "Id": "Nito.Disposables",
      "Version": "2.2.0",
      "Dependencies": [
        {
          "Item1": "System.Collections.Immutable",
          "Item2": "[1.4.0, )"
        }
      ]
    },
    "NLog": {
      "Id": "NLog",
      "Version": "4.5.11",
      "Dependencies": []
    },
    "NodaTime": {
      "Id": "NodaTime",
      "Version": "2.4.7",
      "Dependencies": []
    },
    "NPOI": {
      "Id": "NPOI",
      "Version": "2.4.1",
      "Dependencies": [
        {
          "Item1": "SharpZipLib",
          "Item2": "[1.0.0, )"
        }
      ]
    },
    "Portable.BouncyCastle": {
      "Id": "Portable.BouncyCastle",
      "Version": "1.8.8",
      "Dependencies": []
    },
    "RestSharp": {
      "Id": "RestSharp",
      "Version": "106.6.10",
      "Dependencies": []
    },
    "SharpZipLib": {
      "Id": "SharpZipLib",
      "Version": "1.2.0",
      "Dependencies": []
    },
    "System.Buffers": {
      "Id": "System.Buffers",
      "Version": "4.5.1",
      "Dependencies": []
    },
    "System.Collections.Immutable": {
      "Id": "System.Collections.Immutable",
      "Version": "1.5.0",
      "Dependencies": []
    },
    "System.ComponentModel.Annotations": {
      "Id": "System.ComponentModel.Annotations",
      "Version": "4.7.0",
      "Dependencies": []
    },
    "System.Data.DataSetExtensions": {
      "Id": "System.Data.DataSetExtensions",
      "Version": "4.5.0",
      "Dependencies": []
    },
    "System.IO.Abstractions": {
      "Id": "System.IO.Abstractions",
      "Version": "3.0.10",
      "Dependencies": []
    },
    "System.IO.Pipelines": {
      "Id": "System.IO.Pipelines",
      "Version": "4.7.1",
      "Dependencies": [
        {
          "Item1": "System.Buffers",
          "Item2": "[4.5.0, )"
        },
        {
          "Item1": "System.Memory",
          "Item2": "[4.5.3, )"
        },
        {
          "Item1": "System.Threading.Tasks.Extensions",
          "Item2": "[4.5.2, )"
        }
      ]
    },
    "System.Memory": {
      "Id": "System.Memory",
      "Version": "4.5.4",
      "Dependencies": [
        {
          "Item1": "System.Buffers",
          "Item2": "[4.5.1, )"
        },
        {
          "Item1": "System.Numerics.Vectors",
          "Item2": "[4.5.0, )"
        },
        {
          "Item1": "System.Runtime.CompilerServices.Unsafe",
          "Item2": "[4.5.3, )"
        }
      ]
    },
    "System.Numerics.Vectors": {
      "Id": "System.Numerics.Vectors",
      "Version": "4.5.0",
      "Dependencies": []
    },
    "System.Runtime.Caching": {
      "Id": "System.Runtime.Caching",
      "Version": "5.0.0",
      "Dependencies": []
    },
    "System.Runtime.CompilerServices.Unsafe": {
      "Id": "System.Runtime.CompilerServices.Unsafe",
      "Version": "4.7.1",
      "Dependencies": []
    },
    "System.Text.Encodings.Web": {
      "Id": "System.Text.Encodings.Web",
      "Version": "4.7.1",
      "Dependencies": [
        {
          "Item1": "System.Memory",
          "Item2": "[4.5.4, )"
        }
      ]
    },
    "System.Text.Json": {
      "Id": "System.Text.Json",
      "Version": "4.7.2",
      "Dependencies": [
        {
          "Item1": "Microsoft.Bcl.AsyncInterfaces",
          "Item2": "[1.1.0, )"
        },
        {
          "Item1": "System.Buffers",
          "Item2": "[4.5.1, )"
        },
        {
          "Item1": "System.Memory",
          "Item2": "[4.5.4, )"
        },
        {
          "Item1": "System.Numerics.Vectors",
          "Item2": "[4.5.0, )"
        },
        {
          "Item1": "System.Runtime.CompilerServices.Unsafe",
          "Item2": "[4.7.1, )"
        },
        {
          "Item1": "System.Text.Encodings.Web",
          "Item2": "[4.7.1, )"
        },
        {
          "Item1": "System.Threading.Tasks.Extensions",
          "Item2": "[4.5.4, )"
        },
        {
          "Item1": "System.ValueTuple",
          "Item2": "[4.5.0, )"
        }
      ]
    },
    "System.Threading.Channels": {
      "Id": "System.Threading.Channels",
      "Version": "4.7.1",
      "Dependencies": [
        {
          "Item1": "System.Threading.Tasks.Extensions",
          "Item2": "[4.5.4, )"
        }
      ]
    },
    "System.Threading.Tasks.Dataflow": {
      "Id": "System.Threading.Tasks.Dataflow",
      "Version": "5.0.0",
      "Dependencies": []
    },
    "System.Threading.Tasks.Extensions": {
      "Id": "System.Threading.Tasks.Extensions",
      "Version": "4.5.4",
      "Dependencies": [
        {
          "Item1": "System.Runtime.CompilerServices.Unsafe",
          "Item2": "[4.5.3, )"
        }
      ]
    },
    "System.ValueTuple": {
      "Id": "System.ValueTuple",
      "Version": "4.5.0",
      "Dependencies": []
    },
    "UiPath": {
      "Id": "UiPath",
      "Version": "20.10.7641.24102",
      "Dependencies": []
    },
    "UiPath.Activities.RuntimeGovernance": {
      "Id": "UiPath.Activities.RuntimeGovernance",
      "Version": "1.1.3",
      "Dependencies": [
        {
          "Item1": "Newtonsoft.Json",
          "Item2": "[11.0.2, )"
        }
      ]
    },
    "UiPath.ConnectionClient": {
      "Id": "UiPath.ConnectionClient",
      "Version": "1.0.0-20210921.1",
      "Dependencies": [
        {
          "Item1": "Newtonsoft.Json",
          "Item2": "[11.0.2, )"
        },
        {
          "Item1": "Nito.AsyncEx",
          "Item2": "[5.1.0, )"
        },
        {
          "Item1": "System.Runtime.Caching",
          "Item2": "[5.0.0, )"
        },
        {
          "Item1": "UiPath.Telemetry.Client",
          "Item2": "[1.5.3, )"
        }
      ]
    },
    "UiPath.Excel.Activities": {
      "Id": "UiPath.Excel.Activities",
      "Version": "2.9.5",
      "Dependencies": [
        {
          "Item1": "ClosedXML",
          "Item2": "[0.87.1, )"
        },
        {
          "Item1": "CsvHelper",
          "Item2": "[2.13.5, )"
        },
        {
          "Item1": "DocumentFormat.OpenXml",
          "Item2": "[2.5.0, )"
        },
        {
          "Item1": "Microsoft.VisualStudio.OLE.Interop",
          "Item2": "[7.10.6071, )"
        },
        {
          "Item1": "NPOI",
          "Item2": "[2.4.1, )"
        },
        {
          "Item1": "SharpZipLib",
          "Item2": "[1.0.0, )"
        }
      ]
    },
    "UiPath.GSuite.Activities": {
      "Id": "UiPath.GSuite.Activities",
      "Version": "1.13.2",
      "Dependencies": [
        {
          "Item1": "Google.Apis.Calendar.v3",
          "Item2": "[1.43.0.1872, )"
        },
        {
          "Item1": "Google.Apis.Docs.v1",
          "Item2": "[1.43.0.1869, )"
        },
        {
          "Item1": "Google.Apis.Drive.v3",
          "Item2": "[1.43.0.1863, )"
        },
        {
          "Item1": "Google.Apis.Gmail.v1",
          "Item2": "[1.43.0.1859, )"
        },
        {
          "Item1": "Google.Apis.PeopleService.V1",
          "Item2": "[1.43.0.1876, )"
        },
        {
          "Item1": "Google.Apis.Script.v1",
          "Item2": "[1.43.0.1871, )"
        },
        {
          "Item1": "Google.Apis.Sheets.v4",
          "Item2": "[1.43.0.1867, )"
        },
        {
          "Item1": "MimeKit",
          "Item2": "[2.10.0, )"
        },
        {
          "Item1": "Newtonsoft.Json",
          "Item2": "[11.0.2, )"
        },
        {
          "Item1": "NodaTime",
          "Item2": "[2.4.7, )"
        },
        {
          "Item1": "UiPath.Activities.RuntimeGovernance",
          "Item2": "[1.1.3, )"
        },
        {
          "Item1": "UiPath.ConnectionClient",
          "Item2": "[1.0.0-20210921.1, )"
        },
        {
          "Item1": "UiPath.Platform",
          "Item2": "[21.10.0, )"
        }
      ]
    },
    "UiPath.OCR.Activities": {
      "Id": "UiPath.OCR.Activities",
      "Version": "2.4.1",
      "Dependencies": [
        {
          "Item1": "UiPath.OCR.Contracts",
          "Item2": "[2.7.1, )"
        },
        {
          "Item1": "AForge.Imaging",
          "Item2": "[2.2.5, )"
        },
        {
          "Item1": "Newtonsoft.Json",
          "Item2": "[11.0.2, )"
        },
        {
          "Item1": "NLog",
          "Item2": "[4.5.11, )"
        },
        {
          "Item1": "System.Collections.Immutable",
          "Item2": "[1.5.0, )"
        },
        {
          "Item1": "System.ValueTuple",
          "Item2": "[4.5.0, )"
        }
      ]
    },
    "UiPath.OCR.Contracts": {
      "Id": "UiPath.OCR.Contracts",
      "Version": "2.7.1",
      "Dependencies": []
    },
    "UiPath.Platform": {
      "Id": "UiPath.Platform",
      "Version": "21.10.0",
      "Dependencies": [
        {
          "Item1": "Newtonsoft.Json",
          "Item2": "[11.0.2, )"
        },
        {
          "Item1": "System.IO.Abstractions",
          "Item2": "[3.0.10, )"
        },
        {
          "Item1": "System.ValueTuple",
          "Item2": "[4.5.0, )"
        }
      ]
    },
    "UiPath.System.Activities": {
      "Id": "UiPath.System.Activities",
      "Version": "20.10.4",
      "Dependencies": [
        {
          "Item1": "UiPath.Platform",
          "Item2": "[20.10.4, )"
        },
        {
          "Item1": "CsvHelper",
          "Item2": "[2.13.5, )"
        },
        {
          "Item1": "Microsoft.AspNet.SignalR.Client",
          "Item2": "[2.4.0, )"
        },
        {
          "Item1": "Microsoft.AspNetCore.SignalR.Client",
          "Item2": "[3.1.6, )"
        },
        {
          "Item1": "Microsoft.Bcl.AsyncInterfaces",
          "Item2": "[1.1.1, )"
        },
        {
          "Item1": "Microsoft.Rest.ClientRuntime",
          "Item2": "[2.3.21, )"
        },
        {
          "Item1": "Newtonsoft.Json",
          "Item2": "[11.0.2, )"
        },
        {
          "Item1": "SharpZipLib",
          "Item2": "[1.2.0, )"
        },
        {
          "Item1": "System.Buffers",
          "Item2": "[4.5.1, )"
        },
        {
          "Item1": "System.Memory",
          "Item2": "[4.5.4, )"
        },
        {
          "Item1": "System.Numerics.Vectors",
          "Item2": "[4.5.0, )"
        },
        {
          "Item1": "System.Runtime.CompilerServices.Unsafe",
          "Item2": "[4.7.1, )"
        },
        {
          "Item1": "System.Threading.Tasks.Extensions",
          "Item2": "[4.5.4, )"
        }
      ]
    },
    "UiPath.Telemetry.Client": {
      "Id": "UiPath.Telemetry.Client",
      "Version": "1.5.3",
      "Dependencies": [
        {
          "Item1": "Newtonsoft.Json",
          "Item2": "[11.0.2, )"
        },
        {
          "Item1": "System.Threading.Tasks.Dataflow",
          "Item2": "[5.0.0, )"
        },
        {
          "Item1": "System.ValueTuple",
          "Item2": "[4.5.0, )"
        }
      ]
    },
    "UiPath.UIAutomation.Activities": {
      "Id": "UiPath.UIAutomation.Activities",
      "Version": "20.10.9",
      "Dependencies": [
        {
          "Item1": "UiPath",
          "Item2": "[20.10.7641.24102, 20.10.7641.24102]"
        },
        {
          "Item1": "UiPath.Vision",
          "Item2": "[2.2.0, )"
        },
        {
          "Item1": "UiPath.OCR.Contracts",
          "Item2": "[2.7.1, )"
        },
        {
          "Item1": "UiPath.OCR.Activities",
          "Item2": "[2.4.1, )"
        },
        {
          "Item1": "UiPath.Platform",
          "Item2": "[20.10.4, )"
        },
        {
          "Item1": "AvalonEdit",
          "Item2": "[5.0.3, )"
        },
        {
          "Item1": "Extended.Wpf.Toolkit",
          "Item2": "[3.8.1, )"
        },
        {
          "Item1": "Humanizer.Core",
          "Item2": "[2.4.2, )"
        },
        {
          "Item1": "Newtonsoft.Json",
          "Item2": "[11.0.2, )"
        },
        {
          "Item1": "System.IO.Abstractions",
          "Item2": "[3.0.10, )"
        },
        {
          "Item1": "UiPath.Telemetry.Client",
          "Item2": "[1.2.20, )"
        }
      ]
    },
    "UiPath.Vision": {
      "Id": "UiPath.Vision",
      "Version": "2.2.0",
      "Dependencies": [
        {
          "Item1": "UiPath.OCR.Contracts",
          "Item2": "[2.7.1, )"
        }
      ]
    },
    "UiPath.WebAPI.Activities": {
      "Id": "UiPath.WebAPI.Activities",
      "Version": "1.9.2",
      "Dependencies": [
        {
          "Item1": "AvalonEdit",
          "Item2": "[6.0.1, )"
        },
        {
          "Item1": "Microsoft.CSharp",
          "Item2": "[4.7.0, )"
        },
        {
          "Item1": "Newtonsoft.Json",
          "Item2": "[11.0.2, )"
        },
        {
          "Item1": "RestSharp",
          "Item2": "[106.6.10, )"
        }
      ]
    }
  },
  "AllPackages": [
    {
      "Package": {
        "Id": "AForge",
        "Version": "2.2.5"
      },
      "Assemblies": [
        "C:\\Users\\ppatidar002\\.nuget\\packages\\aforge\\2.2.5\\lib\\AForge.dll"
      ],
      "Path": "C:\\Users\\ppatidar002\\.nuget\\packages\\aforge\\2.2.5"
    },
    {
      "Package": {
        "Id": "AForge.Imaging",
        "Version": "2.2.5"
      },
      "Assemblies": [
        "C:\\Users\\ppatidar002\\.nuget\\packages\\aforge.imaging\\2.2.5\\lib\\AForge.Imaging.dll"
      ],
      "Path": "C:\\Users\\ppatidar002\\.nuget\\packages\\aforge.imaging\\2.2.5"
    },
    {
      "Package": {
        "Id": "AForge.Math",
        "Version": "2.2.5"
      },
      "Assemblies": [
        "C:\\Users\\ppatidar002\\.nuget\\packages\\aforge.math\\2.2.5\\lib\\AForge.Math.dll"
      ],
      "Path": "C:\\Users\\ppatidar002\\.nuget\\packages\\aforge.math\\2.2.5"
    },
    {
      "Package": {
        "Id": "AvalonEdit",
        "Version": "6.0.1"
      },
      "Assemblies": [
        "C:\\Users\\ppatidar002\\.nuget\\packages\\avalonedit\\6.0.1\\lib\\net45\\ICSharpCode.AvalonEdit.dll"
      ],
      "Path": "C:\\Users\\ppatidar002\\.nuget\\packages\\avalonedit\\6.0.1"
    },
    {
      "Package": {
        "Id": "ClosedXML",
        "Version": "0.87.1"
      },
      "Assemblies": [
        "C:\\Users\\ppatidar002\\.nuget\\packages\\closedxml\\0.87.1\\lib\\net40\\ClosedXML.dll"
      ],
      "Path": "C:\\Users\\ppatidar002\\.nuget\\packages\\closedxml\\0.87.1"
    },
    {
      "Package": {
        "Id": "CsvHelper",
        "Version": "2.13.5"
      },
      "Assemblies": [
        "C:\\Users\\ppatidar002\\.nuget\\packages\\csvhelper\\2.13.5\\lib\\net40-client\\CsvHelper.dll"
      ],
      "Path": "C:\\Users\\ppatidar002\\.nuget\\packages\\csvhelper\\2.13.5"
    },
    {
      "Package": {
        "Id": "DocumentFormat.OpenXml",
        "Version": "2.5.0"
      },
      "Assemblies": [
        "C:\\Users\\ppatidar002\\.nuget\\packages\\documentformat.openxml\\2.5.0\\lib\\DocumentFormat.OpenXml.dll"
      ],
      "Path": "C:\\Users\\ppatidar002\\.nuget\\packages\\documentformat.openxml\\2.5.0"
    },
    {
      "Package": {
        "Id": "Extended.Wpf.Toolkit",
        "Version": "3.8.1"
      },
      "Assemblies": [
        "C:\\Users\\ppatidar002\\.nuget\\packages\\extended.wpf.toolkit\\3.8.1\\lib\\net40\\Xceed.Wpf.AvalonDock.Themes.Aero.dll",
        "C:\\Users\\ppatidar002\\.nuget\\packages\\extended.wpf.toolkit\\3.8.1\\lib\\net40\\Xceed.Wpf.AvalonDock.Themes.Metro.dll",
        "C:\\Users\\ppatidar002\\.nuget\\packages\\extended.wpf.toolkit\\3.8.1\\lib\\net40\\Xceed.Wpf.AvalonDock.Themes.VS2010.dll",
        "C:\\Users\\ppatidar002\\.nuget\\packages\\extended.wpf.toolkit\\3.8.1\\lib\\net40\\Xceed.Wpf.AvalonDock.dll",
        "C:\\Users\\ppatidar002\\.nuget\\packages\\extended.wpf.toolkit\\3.8.1\\lib\\net40\\Xceed.Wpf.Toolkit.dll"
      ],
      "Path": "C:\\Users\\ppatidar002\\.nuget\\packages\\extended.wpf.toolkit\\3.8.1"
    },
    {
      "Package": {
        "Id": "Google.Apis",
        "Version": "1.43.0"
      },
      "Assemblies": [
        "C:\\Users\\ppatidar002\\.nuget\\packages\\google.apis\\1.43.0\\lib\\net45\\Google.Apis.PlatformServices.dll",
        "C:\\Users\\ppatidar002\\.nuget\\packages\\google.apis\\1.43.0\\lib\\net45\\Google.Apis.dll"
      ],
      "Path": "C:\\Users\\ppatidar002\\.nuget\\packages\\google.apis\\1.43.0"
    },
    {
      "Package": {
        "Id": "Google.Apis.Auth",
        "Version": "1.43.0"
      },
      "Assemblies": [
        "C:\\Users\\ppatidar002\\.nuget\\packages\\google.apis.auth\\1.43.0\\lib\\net45\\Google.Apis.Auth.PlatformServices.dll",
        "C:\\Users\\ppatidar002\\.nuget\\packages\\google.apis.auth\\1.43.0\\lib\\net45\\Google.Apis.Auth.dll"
      ],
      "Path": "C:\\Users\\ppatidar002\\.nuget\\packages\\google.apis.auth\\1.43.0"
    },
    {
      "Package": {
        "Id": "Google.Apis.Calendar.v3",
        "Version": "1.43.0.1872"
      },
      "Assemblies": [
        "C:\\Users\\ppatidar002\\.nuget\\packages\\google.apis.calendar.v3\\1.43.0.1872\\lib\\net45\\Google.Apis.Calendar.v3.dll"
      ],
      "Path": "C:\\Users\\ppatidar002\\.nuget\\packages\\google.apis.calendar.v3\\1.43.0.1872"
    },
    {
      "Package": {
        "Id": "Google.Apis.Core",
        "Version": "1.43.0"
      },
      "Assemblies": [
        "C:\\Users\\ppatidar002\\.nuget\\packages\\google.apis.core\\1.43.0\\lib\\net45\\Google.Apis.Core.dll"
      ],
      "Path": "C:\\Users\\ppatidar002\\.nuget\\packages\\google.apis.core\\1.43.0"
    },
    {
      "Package": {
        "Id": "Google.Apis.Docs.v1",
        "Version": "1.43.0.1869"
      },
      "Assemblies": [
        "C:\\Users\\ppatidar002\\.nuget\\packages\\google.apis.docs.v1\\1.43.0.1869\\lib\\net45\\Google.Apis.Docs.v1.dll"
      ],
      "Path": "C:\\Users\\ppatidar002\\.nuget\\packages\\google.apis.docs.v1\\1.43.0.1869"
    },
    {
      "Package": {
        "Id": "Google.Apis.Drive.v3",
        "Version": "1.43.0.1863"
      },
      "Assemblies": [
        "C:\\Users\\ppatidar002\\.nuget\\packages\\google.apis.drive.v3\\1.43.0.1863\\lib\\net45\\Google.Apis.Drive.v3.dll"
      ],
      "Path": "C:\\Users\\ppatidar002\\.nuget\\packages\\google.apis.drive.v3\\1.43.0.1863"
    },
    {
      "Package": {
        "Id": "Google.Apis.Gmail.v1",
        "Version": "1.43.0.1859"
      },
      "Assemblies": [
        "C:\\Users\\ppatidar002\\.nuget\\packages\\google.apis.gmail.v1\\1.43.0.1859\\lib\\net45\\Google.Apis.Gmail.v1.dll"
      ],
      "Path": "C:\\Users\\ppatidar002\\.nuget\\packages\\google.apis.gmail.v1\\1.43.0.1859"
    },
    {
      "Package": {
        "Id": "Google.Apis.PeopleService.v1",
        "Version": "1.43.0.1876"
      },
      "Assemblies": [
        "C:\\Users\\ppatidar002\\.nuget\\packages\\google.apis.peopleservice.v1\\1.43.0.1876\\lib\\net45\\Google.Apis.PeopleService.v1.dll"
      ],
      "Path": "C:\\Users\\ppatidar002\\.nuget\\packages\\google.apis.peopleservice.v1\\1.43.0.1876"
    },
    {
      "Package": {
        "Id": "Google.Apis.Script.v1",
        "Version": "1.43.0.1871"
      },
      "Assemblies": [
        "C:\\Users\\ppatidar002\\.nuget\\packages\\google.apis.script.v1\\1.43.0.1871\\lib\\net45\\Google.Apis.Script.v1.dll"
      ],
      "Path": "C:\\Users\\ppatidar002\\.nuget\\packages\\google.apis.script.v1\\1.43.0.1871"
    },
    {
      "Package": {
        "Id": "Google.Apis.Sheets.v4",
        "Version": "1.43.0.1867"
      },
      "Assemblies": [
        "C:\\Users\\ppatidar002\\.nuget\\packages\\google.apis.sheets.v4\\1.43.0.1867\\lib\\net45\\Google.Apis.Sheets.v4.dll"
      ],
      "Path": "C:\\Users\\ppatidar002\\.nuget\\packages\\google.apis.sheets.v4\\1.43.0.1867"
    },
    {
      "Package": {
        "Id": "Humanizer.Core",
        "Version": "2.4.2"
      },
      "Assemblies": [
        "C:\\Users\\ppatidar002\\.nuget\\packages\\humanizer.core\\2.4.2\\lib\\netstandard2.0\\Humanizer.dll"
      ],
      "Path": "C:\\Users\\ppatidar002\\.nuget\\packages\\humanizer.core\\2.4.2"
    },
    {
      "Package": {
        "Id": "Microsoft.Activities",
        "Version": "1.0.1"
      },
      "Assemblies": [
        "C:\\Users\\ppatidar002\\.nuget\\packages\\microsoft.activities\\1.0.1\\lib\\net45\\Microsoft.Activities.Design.Services.dll",
        "C:\\Users\\ppatidar002\\.nuget\\packages\\microsoft.activities\\1.0.1\\lib\\net45\\Microsoft.Activities.Design.dll",
        "C:\\Users\\ppatidar002\\.nuget\\packages\\microsoft.activities\\1.0.1\\lib\\net45\\Microsoft.Activities.dll",
        "C:\\Users\\ppatidar002\\.nuget\\packages\\microsoft.activities\\1.0.1\\lib\\net45\\Microsoft.Workflow.Client.dll",
        "C:\\Users\\ppatidar002\\.nuget\\packages\\microsoft.activities\\1.0.1\\lib\\net45\\Microsoft.Workflow.Common.dll",
        "C:\\Users\\ppatidar002\\.nuget\\packages\\microsoft.activities\\1.0.1\\lib\\net45\\Microsoft.Workflow.Tracing.dll"
      ],
      "Path": "C:\\Users\\ppatidar002\\.nuget\\packages\\microsoft.activities\\1.0.1"
    },
    {
      "Package": {
        "Id": "Microsoft.AspNet.SignalR.Client",
        "Version": "2.4.0"
      },
      "Assemblies": [
        "C:\\Users\\ppatidar002\\.nuget\\packages\\microsoft.aspnet.signalr.client\\2.4.0\\lib\\net45\\Microsoft.AspNet.SignalR.Client.dll"
      ],
      "Path": "C:\\Users\\ppatidar002\\.nuget\\packages\\microsoft.aspnet.signalr.client\\2.4.0"
    },
    {
      "Package": {
        "Id": "Microsoft.AspNetCore.Connections.Abstractions",
        "Version": "3.1.6"
      },
      "Assemblies": [
        "C:\\Users\\ppatidar002\\.nuget\\packages\\microsoft.aspnetcore.connections.abstractions\\3.1.6\\lib\\netstandard2.0\\Microsoft.AspNetCore.Connections.Abstractions.dll"
      ],
      "Path": "C:\\Users\\ppatidar002\\.nuget\\packages\\microsoft.aspnetcore.connections.abstractions\\3.1.6"
    },
    {
      "Package": {
        "Id": "Microsoft.AspNetCore.Http.Connections.Client",
        "Version": "3.1.6"
      },
      "Assemblies": [
        "C:\\Users\\ppatidar002\\.nuget\\packages\\microsoft.aspnetcore.http.connections.client\\3.1.6\\lib\\netstandard2.0\\Microsoft.AspNetCore.Http.Connections.Client.dll"
      ],
      "Path": "C:\\Users\\ppatidar002\\.nuget\\packages\\microsoft.aspnetcore.http.connections.client\\3.1.6"
    },
    {
      "Package": {
        "Id": "Microsoft.AspNetCore.Http.Connections.Common",
        "Version": "3.1.6"
      },
      "Assemblies": [
        "C:\\Users\\ppatidar002\\.nuget\\packages\\microsoft.aspnetcore.http.connections.common\\3.1.6\\lib\\netstandard2.0\\Microsoft.AspNetCore.Http.Connections.Common.dll"
      ],
      "Path": "C:\\Users\\ppatidar002\\.nuget\\packages\\microsoft.aspnetcore.http.connections.common\\3.1.6"
    },
    {
      "Package": {
        "Id": "Microsoft.AspNetCore.Http.Features",
        "Version": "3.1.6"
      },
      "Assemblies": [
        "C:\\Users\\ppatidar002\\.nuget\\packages\\microsoft.aspnetcore.http.features\\3.1.6\\lib\\netstandard2.0\\Microsoft.AspNetCore.Http.Features.dll"
      ],
      "Path": "C:\\Users\\ppatidar002\\.nuget\\packages\\microsoft.aspnetcore.http.features\\3.1.6"
    },
    {
      "Package": {
        "Id": "Microsoft.AspNetCore.SignalR.Client",
        "Version": "3.1.6"
      },
      "Assemblies": [
        "C:\\Users\\ppatidar002\\.nuget\\packages\\microsoft.aspnetcore.signalr.client\\3.1.6\\lib\\netstandard2.0\\Microsoft.AspNetCore.SignalR.Client.dll"
      ],
      "Path": "C:\\Users\\ppatidar002\\.nuget\\packages\\microsoft.aspnetcore.signalr.client\\3.1.6"
    },
    {
      "Package": {
        "Id": "Microsoft.AspNetCore.SignalR.Client.Core",
        "Version": "3.1.6"
      },
      "Assemblies": [
        "C:\\Users\\ppatidar002\\.nuget\\packages\\microsoft.aspnetcore.signalr.client.core\\3.1.6\\lib\\netstandard2.0\\Microsoft.AspNetCore.SignalR.Client.Core.dll"
      ],
      "Path": "C:\\Users\\ppatidar002\\.nuget\\packages\\microsoft.aspnetcore.signalr.client.core\\3.1.6"
    },
    {
      "Package": {
        "Id": "Microsoft.AspNetCore.SignalR.Common",
        "Version": "3.1.6"
      },
      "Assemblies": [
        "C:\\Users\\ppatidar002\\.nuget\\packages\\microsoft.aspnetcore.signalr.common\\3.1.6\\lib\\netstandard2.0\\Microsoft.AspNetCore.SignalR.Common.dll"
      ],
      "Path": "C:\\Users\\ppatidar002\\.nuget\\packages\\microsoft.aspnetcore.signalr.common\\3.1.6"
    },
    {
      "Package": {
        "Id": "Microsoft.AspNetCore.SignalR.Protocols.Json",
        "Version": "3.1.6"
      },
      "Assemblies": [
        "C:\\Users\\ppatidar002\\.nuget\\packages\\microsoft.aspnetcore.signalr.protocols.json\\3.1.6\\lib\\netstandard2.0\\Microsoft.AspNetCore.SignalR.Protocols.Json.dll"
      ],
      "Path": "C:\\Users\\ppatidar002\\.nuget\\packages\\microsoft.aspnetcore.signalr.protocols.json\\3.1.6"
    },
    {
      "Package": {
        "Id": "Microsoft.Bcl.AsyncInterfaces",
        "Version": "1.1.1"
      },
      "Assemblies": [
        "C:\\Users\\ppatidar002\\.nuget\\packages\\microsoft.bcl.asyncinterfaces\\1.1.1\\lib\\net461\\Microsoft.Bcl.AsyncInterfaces.dll"
      ],
      "Path": "C:\\Users\\ppatidar002\\.nuget\\packages\\microsoft.bcl.asyncinterfaces\\1.1.1"
    },
    {
      "Package": {
        "Id": "Microsoft.CSharp",
        "Version": "4.7.0"
      },
      "Assemblies": [
        "C:\\Users\\ppatidar002\\.nuget\\packages\\microsoft.csharp\\4.7.0\\lib\\net45\\_._"
      ],
      "Path": "C:\\Users\\ppatidar002\\.nuget\\packages\\microsoft.csharp\\4.7.0"
    },
    {
      "Package": {
        "Id": "Microsoft.Extensions.Configuration",
        "Version": "3.1.6"
      },
      "Assemblies": [
        "C:\\Users\\ppatidar002\\.nuget\\packages\\microsoft.extensions.configuration\\3.1.6\\lib\\netstandard2.0\\Microsoft.Extensions.Configuration.dll"
      ],
      "Path": "C:\\Users\\ppatidar002\\.nuget\\packages\\microsoft.extensions.configuration\\3.1.6"
    },
    {
      "Package": {
        "Id": "Microsoft.Extensions.Configuration.Abstractions",
        "Version": "3.1.6"
      },
      "Assemblies": [
        "C:\\Users\\ppatidar002\\.nuget\\packages\\microsoft.extensions.configuration.abstractions\\3.1.6\\lib\\netstandard2.0\\Microsoft.Extensions.Configuration.Abstractions.dll"
      ],
      "Path": "C:\\Users\\ppatidar002\\.nuget\\packages\\microsoft.extensions.configuration.abstractions\\3.1.6"
    },
    {
      "Package": {
        "Id": "Microsoft.Extensions.Configuration.Binder",
        "Version": "3.1.6"
      },
      "Assemblies": [
        "C:\\Users\\ppatidar002\\.nuget\\packages\\microsoft.extensions.configuration.binder\\3.1.6\\lib\\netstandard2.0\\Microsoft.Extensions.Configuration.Binder.dll"
      ],
      "Path": "C:\\Users\\ppatidar002\\.nuget\\packages\\microsoft.extensions.configuration.binder\\3.1.6"
    },
    {
      "Package": {
        "Id": "Microsoft.Extensions.DependencyInjection",
        "Version": "3.1.6"
      },
      "Assemblies": [
        "C:\\Users\\ppatidar002\\.nuget\\packages\\microsoft.extensions.dependencyinjection\\3.1.6\\lib\\net461\\Microsoft.Extensions.DependencyInjection.dll"
      ],
      "Path": "C:\\Users\\ppatidar002\\.nuget\\packages\\microsoft.extensions.dependencyinjection\\3.1.6"
    },
    {
      "Package": {
        "Id": "Microsoft.Extensions.DependencyInjection.Abstractions",
        "Version": "3.1.6"
      },
      "Assemblies": [
        "C:\\Users\\ppatidar002\\.nuget\\packages\\microsoft.extensions.dependencyinjection.abstractions\\3.1.6\\lib\\netstandard2.0\\Microsoft.Extensions.DependencyInjection.Abstractions.dll"
      ],
      "Path": "C:\\Users\\ppatidar002\\.nuget\\packages\\microsoft.extensions.dependencyinjection.abstractions\\3.1.6"
    },
    {
      "Package": {
        "Id": "Microsoft.Extensions.Logging",
        "Version": "3.1.6"
      },
      "Assemblies": [
        "C:\\Users\\ppatidar002\\.nuget\\packages\\microsoft.extensions.logging\\3.1.6\\lib\\netstandard2.0\\Microsoft.Extensions.Logging.dll"
      ],
      "Path": "C:\\Users\\ppatidar002\\.nuget\\packages\\microsoft.extensions.logging\\3.1.6"
    },
    {
      "Package": {
        "Id": "Microsoft.Extensions.Logging.Abstractions",
        "Version": "3.1.6"
      },
      "Assemblies": [
        "C:\\Users\\ppatidar002\\.nuget\\packages\\microsoft.extensions.logging.abstractions\\3.1.6\\lib\\netstandard2.0\\Microsoft.Extensions.Logging.Abstractions.dll"
      ],
      "Path": "C:\\Users\\ppatidar002\\.nuget\\packages\\microsoft.extensions.logging.abstractions\\3.1.6"
    },
    {
      "Package": {
        "Id": "Microsoft.Extensions.Options",
        "Version": "3.1.6"
      },
      "Assemblies": [
        "C:\\Users\\ppatidar002\\.nuget\\packages\\microsoft.extensions.options\\3.1.6\\lib\\netstandard2.0\\Microsoft.Extensions.Options.dll"
      ],
      "Path": "C:\\Users\\ppatidar002\\.nuget\\packages\\microsoft.extensions.options\\3.1.6"
    },
    {
      "Package": {
        "Id": "Microsoft.Extensions.Primitives",
        "Version": "3.1.6"
      },
      "Assemblies": [
        "C:\\Users\\ppatidar002\\.nuget\\packages\\microsoft.extensions.primitives\\3.1.6\\lib\\netstandard2.0\\Microsoft.Extensions.Primitives.dll"
      ],
      "Path": "C:\\Users\\ppatidar002\\.nuget\\packages\\microsoft.extensions.primitives\\3.1.6"
    },
    {
      "Package": {
        "Id": "Microsoft.Rest.ClientRuntime",
        "Version": "2.3.21"
      },
      "Assemblies": [
        "C:\\Users\\ppatidar002\\.nuget\\packages\\microsoft.rest.clientruntime\\2.3.21\\lib\\net461\\Microsoft.Rest.ClientRuntime.dll"
      ],
      "Path": "C:\\Users\\ppatidar002\\.nuget\\packages\\microsoft.rest.clientruntime\\2.3.21"
    },
    {
      "Package": {
        "Id": "Microsoft.VisualStudio.OLE.Interop",
        "Version": "7.10.6071"
      },
      "Assemblies": [
        "C:\\Users\\ppatidar002\\.nuget\\packages\\microsoft.visualstudio.ole.interop\\7.10.6071\\lib\\Microsoft.VisualStudio.OLE.Interop.dll"
      ],
      "Path": "C:\\Users\\ppatidar002\\.nuget\\packages\\microsoft.visualstudio.ole.interop\\7.10.6071"
    },
    {
      "Package": {
        "Id": "MimeKit",
        "Version": "2.10.0"
      },
      "Assemblies": [
        "C:\\Users\\ppatidar002\\.nuget\\packages\\mimekit\\2.10.0\\lib\\net46\\MimeKit.dll"
      ],
      "Path": "C:\\Users\\ppatidar002\\.nuget\\packages\\mimekit\\2.10.0"
    },
    {
      "Package": {
        "Id": "Newtonsoft.Json",
        "Version": "11.0.2"
      },
      "Assemblies": [
        "C:\\Users\\ppatidar002\\.nuget\\packages\\newtonsoft.json\\11.0.2\\lib\\net45\\Newtonsoft.Json.dll"
      ],
      "Path": "C:\\Users\\ppatidar002\\.nuget\\packages\\newtonsoft.json\\11.0.2"
    },
    {
      "Package": {
        "Id": "Nito.AsyncEx",
        "Version": "5.1.0"
      },
      "Assemblies": [],
      "Path": "C:\\Users\\ppatidar002\\.nuget\\packages\\nito.asyncex\\5.1.0"
    },
    {
      "Package": {
        "Id": "Nito.AsyncEx.Context",
        "Version": "5.1.0"
      },
      "Assemblies": [
        "C:\\Users\\ppatidar002\\.nuget\\packages\\nito.asyncex.context\\5.1.0\\lib\\netstandard2.0\\Nito.AsyncEx.Context.dll"
      ],
      "Path": "C:\\Users\\ppatidar002\\.nuget\\packages\\nito.asyncex.context\\5.1.0"
    },
    {
      "Package": {
        "Id": "Nito.AsyncEx.Coordination",
        "Version": "5.1.0"
      },
      "Assemblies": [
        "C:\\Users\\ppatidar002\\.nuget\\packages\\nito.asyncex.coordination\\5.1.0\\lib\\netstandard2.0\\Nito.AsyncEx.Coordination.dll"
      ],
      "Path": "C:\\Users\\ppatidar002\\.nuget\\packages\\nito.asyncex.coordination\\5.1.0"
    },
    {
      "Package": {
        "Id": "Nito.AsyncEx.Interop.WaitHandles",
        "Version": "5.1.0"
      },
      "Assemblies": [
        "C:\\Users\\ppatidar002\\.nuget\\packages\\nito.asyncex.interop.waithandles\\5.1.0\\lib\\netstandard2.0\\Nito.AsyncEx.Interop.WaitHandles.dll"
      ],
      "Path": "C:\\Users\\ppatidar002\\.nuget\\packages\\nito.asyncex.interop.waithandles\\5.1.0"
    },
    {
      "Package": {
        "Id": "Nito.AsyncEx.Oop",
        "Version": "5.1.0"
      },
      "Assemblies": [
        "C:\\Users\\ppatidar002\\.nuget\\packages\\nito.asyncex.oop\\5.1.0\\lib\\netstandard2.0\\Nito.AsyncEx.Oop.dll"
      ],
      "Path": "C:\\Users\\ppatidar002\\.nuget\\packages\\nito.asyncex.oop\\5.1.0"
    },
    {
      "Package": {
        "Id": "Nito.AsyncEx.Tasks",
        "Version": "5.1.0"
      },
      "Assemblies": [
        "C:\\Users\\ppatidar002\\.nuget\\packages\\nito.asyncex.tasks\\5.1.0\\lib\\netstandard2.0\\Nito.AsyncEx.Tasks.dll"
      ],
      "Path": "C:\\Users\\ppatidar002\\.nuget\\packages\\nito.asyncex.tasks\\5.1.0"
    },
    {
      "Package": {
        "Id": "Nito.Cancellation",
        "Version": "1.1.0"
      },
      "Assemblies": [
        "C:\\Users\\ppatidar002\\.nuget\\packages\\nito.cancellation\\1.1.0\\lib\\netstandard2.0\\Nito.Cancellation.dll"
      ],
      "Path": "C:\\Users\\ppatidar002\\.nuget\\packages\\nito.cancellation\\1.1.0"
    },
    {
      "Package": {
        "Id": "Nito.Collections.Deque",
        "Version": "1.1.0"
      },
      "Assemblies": [
        "C:\\Users\\ppatidar002\\.nuget\\packages\\nito.collections.deque\\1.1.0\\lib\\netstandard2.0\\Nito.Collections.Deque.dll"
      ],
      "Path": "C:\\Users\\ppatidar002\\.nuget\\packages\\nito.collections.deque\\1.1.0"
    },
    {
      "Package": {
        "Id": "Nito.Disposables",
        "Version": "2.2.0"
      },
      "Assemblies": [
        "C:\\Users\\ppatidar002\\.nuget\\packages\\nito.disposables\\2.2.0\\lib\\net461\\Nito.Disposables.dll"
      ],
      "Path": "C:\\Users\\ppatidar002\\.nuget\\packages\\nito.disposables\\2.2.0"
    },
    {
      "Package": {
        "Id": "NLog",
        "Version": "4.5.11"
      },
      "Assemblies": [
        "C:\\Users\\ppatidar002\\.nuget\\packages\\nlog\\4.5.11\\lib\\net45\\NLog.dll"
      ],
      "Path": "C:\\Users\\ppatidar002\\.nuget\\packages\\nlog\\4.5.11"
    },
    {
      "Package": {
        "Id": "NodaTime",
        "Version": "2.4.7"
      },
      "Assemblies": [
        "C:\\Users\\ppatidar002\\.nuget\\packages\\nodatime\\2.4.7\\lib\\net45\\NodaTime.dll"
      ],
      "Path": "C:\\Users\\ppatidar002\\.nuget\\packages\\nodatime\\2.4.7"
    },
    {
      "Package": {
        "Id": "NPOI",
        "Version": "2.4.1"
      },
      "Assemblies": [
        "C:\\Users\\ppatidar002\\.nuget\\packages\\npoi\\2.4.1\\lib\\net45\\NPOI.OOXML.dll",
        "C:\\Users\\ppatidar002\\.nuget\\packages\\npoi\\2.4.1\\lib\\net45\\NPOI.OpenXml4Net.dll",
        "C:\\Users\\ppatidar002\\.nuget\\packages\\npoi\\2.4.1\\lib\\net45\\NPOI.OpenXmlFormats.dll",
        "C:\\Users\\ppatidar002\\.nuget\\packages\\npoi\\2.4.1\\lib\\net45\\NPOI.dll"
      ],
      "Path": "C:\\Users\\ppatidar002\\.nuget\\packages\\npoi\\2.4.1"
    },
    {
      "Package": {
        "Id": "Portable.BouncyCastle",
        "Version": "1.8.8"
      },
      "Assemblies": [
        "C:\\Users\\ppatidar002\\.nuget\\packages\\portable.bouncycastle\\1.8.8\\lib\\net40\\BouncyCastle.Crypto.dll"
      ],
      "Path": "C:\\Users\\ppatidar002\\.nuget\\packages\\portable.bouncycastle\\1.8.8"
    },
    {
      "Package": {
        "Id": "RestSharp",
        "Version": "106.6.10"
      },
      "Assemblies": [
        "C:\\Users\\ppatidar002\\.nuget\\packages\\restsharp\\106.6.10\\lib\\net452\\RestSharp.dll"
      ],
      "Path": "C:\\Users\\ppatidar002\\.nuget\\packages\\restsharp\\106.6.10"
    },
    {
      "Package": {
        "Id": "SharpZipLib",
        "Version": "1.2.0"
      },
      "Assemblies": [
        "C:\\Users\\ppatidar002\\.nuget\\packages\\sharpziplib\\1.2.0\\lib\\net45\\ICSharpCode.SharpZipLib.dll"
      ],
      "Path": "C:\\Users\\ppatidar002\\.nuget\\packages\\sharpziplib\\1.2.0"
    },
    {
      "Package": {
        "Id": "System.Buffers",
        "Version": "4.5.1"
      },
      "Assemblies": [
        "C:\\Users\\ppatidar002\\.nuget\\packages\\system.buffers\\4.5.1\\lib\\net461\\System.Buffers.dll"
      ],
      "Path": "C:\\Users\\ppatidar002\\.nuget\\packages\\system.buffers\\4.5.1"
    },
    {
      "Package": {
        "Id": "System.Collections.Immutable",
        "Version": "1.5.0"
      },
      "Assemblies": [
        "C:\\Users\\ppatidar002\\.nuget\\packages\\system.collections.immutable\\1.5.0\\lib\\netstandard2.0\\System.Collections.Immutable.dll"
      ],
      "Path": "C:\\Users\\ppatidar002\\.nuget\\packages\\system.collections.immutable\\1.5.0"
    },
    {
      "Package": {
        "Id": "System.ComponentModel.Annotations",
        "Version": "4.7.0"
      },
      "Assemblies": [
        "C:\\Users\\ppatidar002\\.nuget\\packages\\system.componentmodel.annotations\\4.7.0\\lib\\net461\\System.ComponentModel.Annotations.dll"
      ],
      "Path": "C:\\Users\\ppatidar002\\.nuget\\packages\\system.componentmodel.annotations\\4.7.0"
    },
    {
      "Package": {
        "Id": "System.Data.DataSetExtensions",
        "Version": "4.5.0"
      },
      "Assemblies": [
        "C:\\Users\\ppatidar002\\.nuget\\packages\\system.data.datasetextensions\\4.5.0\\lib\\net45\\_._"
      ],
      "Path": "C:\\Users\\ppatidar002\\.nuget\\packages\\system.data.datasetextensions\\4.5.0"
    },
    {
      "Package": {
        "Id": "System.IO.Abstractions",
        "Version": "3.0.10"
      },
      "Assemblies": [
        "C:\\Users\\ppatidar002\\.nuget\\packages\\system.io.abstractions\\3.0.10\\lib\\net40\\System.IO.Abstractions.dll"
      ],
      "Path": "C:\\Users\\ppatidar002\\.nuget\\packages\\system.io.abstractions\\3.0.10"
    },
    {
      "Package": {
        "Id": "System.IO.Pipelines",
        "Version": "4.7.1"
      },
      "Assemblies": [
        "C:\\Users\\ppatidar002\\.nuget\\packages\\system.io.pipelines\\4.7.1\\lib\\netstandard2.0\\System.IO.Pipelines.dll"
      ],
      "Path": "C:\\Users\\ppatidar002\\.nuget\\packages\\system.io.pipelines\\4.7.1"
    },
    {
      "Package": {
        "Id": "System.Memory",
        "Version": "4.5.4"
      },
      "Assemblies": [
        "C:\\Users\\ppatidar002\\.nuget\\packages\\system.memory\\4.5.4\\lib\\net461\\System.Memory.dll"
      ],
      "Path": "C:\\Users\\ppatidar002\\.nuget\\packages\\system.memory\\4.5.4"
    },
    {
      "Package": {
        "Id": "System.Numerics.Vectors",
        "Version": "4.5.0"
      },
      "Assemblies": [
        "C:\\Users\\ppatidar002\\.nuget\\packages\\system.numerics.vectors\\4.5.0\\lib\\net46\\System.Numerics.Vectors.dll"
      ],
      "Path": "C:\\Users\\ppatidar002\\.nuget\\packages\\system.numerics.vectors\\4.5.0"
    },
    {
      "Package": {
        "Id": "System.Runtime.Caching",
        "Version": "5.0.0"
      },
      "Assemblies": [
        "C:\\Users\\ppatidar002\\.nuget\\packages\\system.runtime.caching\\5.0.0\\lib\\net45\\_._"
      ],
      "Path": "C:\\Users\\ppatidar002\\.nuget\\packages\\system.runtime.caching\\5.0.0"
    },
    {
      "Package": {
        "Id": "System.Runtime.CompilerServices.Unsafe",
        "Version": "4.7.1"
      },
      "Assemblies": [
        "C:\\Users\\ppatidar002\\.nuget\\packages\\system.runtime.compilerservices.unsafe\\4.7.1\\lib\\net461\\System.Runtime.CompilerServices.Unsafe.dll"
      ],
      "Path": "C:\\Users\\ppatidar002\\.nuget\\packages\\system.runtime.compilerservices.unsafe\\4.7.1"
    },
    {
      "Package": {
        "Id": "System.Text.Encodings.Web",
        "Version": "4.7.1"
      },
      "Assemblies": [
        "C:\\Users\\ppatidar002\\.nuget\\packages\\system.text.encodings.web\\4.7.1\\lib\\net461\\System.Text.Encodings.Web.dll"
      ],
      "Path": "C:\\Users\\ppatidar002\\.nuget\\packages\\system.text.encodings.web\\4.7.1"
    },
    {
      "Package": {
        "Id": "System.Text.Json",
        "Version": "4.7.2"
      },
      "Assemblies": [
        "C:\\Users\\ppatidar002\\.nuget\\packages\\system.text.json\\4.7.2\\lib\\net461\\System.Text.Json.dll"
      ],
      "Path": "C:\\Users\\ppatidar002\\.nuget\\packages\\system.text.json\\4.7.2"
    },
    {
      "Package": {
        "Id": "System.Threading.Channels",
        "Version": "4.7.1"
      },
      "Assemblies": [
        "C:\\Users\\ppatidar002\\.nuget\\packages\\system.threading.channels\\4.7.1\\lib\\net461\\System.Threading.Channels.dll"
      ],
      "Path": "C:\\Users\\ppatidar002\\.nuget\\packages\\system.threading.channels\\4.7.1"
    },
    {
      "Package": {
        "Id": "System.Threading.Tasks.Dataflow",
        "Version": "5.0.0"
      },
      "Assemblies": [
        "C:\\Users\\ppatidar002\\.nuget\\packages\\system.threading.tasks.dataflow\\5.0.0\\lib\\net461\\System.Threading.Tasks.Dataflow.dll"
      ],
      "Path": "C:\\Users\\ppatidar002\\.nuget\\packages\\system.threading.tasks.dataflow\\5.0.0"
    },
    {
      "Package": {
        "Id": "System.Threading.Tasks.Extensions",
        "Version": "4.5.4"
      },
      "Assemblies": [
        "C:\\Users\\ppatidar002\\.nuget\\packages\\system.threading.tasks.extensions\\4.5.4\\lib\\net461\\System.Threading.Tasks.Extensions.dll"
      ],
      "Path": "C:\\Users\\ppatidar002\\.nuget\\packages\\system.threading.tasks.extensions\\4.5.4"
    },
    {
      "Package": {
        "Id": "System.ValueTuple",
        "Version": "4.5.0"
      },
      "Assemblies": [
        "C:\\Users\\ppatidar002\\.nuget\\packages\\system.valuetuple\\4.5.0\\lib\\net461\\System.ValueTuple.dll"
      ],
      "Path": "C:\\Users\\ppatidar002\\.nuget\\packages\\system.valuetuple\\4.5.0"
    },
    {
      "Package": {
        "Id": "UiPath",
        "Version": "20.10.7641.24102"
      },
      "Assemblies": [
        "C:\\Users\\ppatidar002\\.nuget\\packages\\uipath\\20.10.7641.24102\\lib\\UiPath.Interop.dll"
      ],
      "Path": "C:\\Users\\ppatidar002\\.nuget\\packages\\uipath\\20.10.7641.24102"
    },
    {
      "Package": {
        "Id": "UiPath.Activities.RuntimeGovernance",
        "Version": "1.1.3"
      },
      "Assemblies": [
        "C:\\Users\\ppatidar002\\.nuget\\packages\\uipath.activities.runtimegovernance\\1.1.3\\lib\\net461\\UiPath.Activities.RuntimeGovernance.dll"
      ],
      "Path": "C:\\Users\\ppatidar002\\.nuget\\packages\\uipath.activities.runtimegovernance\\1.1.3"
    },
    {
      "Package": {
        "Id": "UiPath.ConnectionClient",
        "Version": "1.0.0-20210921.1"
      },
      "Assemblies": [
        "C:\\Users\\ppatidar002\\.nuget\\packages\\uipath.connectionclient\\1.0.0-20210921.1\\lib\\net461\\ConnectionClient.dll"
      ],
      "Path": "C:\\Users\\ppatidar002\\.nuget\\packages\\uipath.connectionclient\\1.0.0-20210921.1"
    },
    {
      "Package": {
        "Id": "UiPath.Excel.Activities",
        "Version": "2.9.5"
      },
      "Assemblies": [
        "C:\\Users\\ppatidar002\\.nuget\\packages\\uipath.excel.activities\\2.9.5\\lib\\net461\\UiPath.Excel.Activities.Design.dll",
        "C:\\Users\\ppatidar002\\.nuget\\packages\\uipath.excel.activities\\2.9.5\\lib\\net461\\UiPath.Excel.Activities.dll",
        "C:\\Users\\ppatidar002\\.nuget\\packages\\uipath.excel.activities\\2.9.5\\lib\\net461\\UiPath.Excel.dll"
      ],
      "Path": "C:\\Users\\ppatidar002\\.nuget\\packages\\uipath.excel.activities\\2.9.5"
    },
    {
      "Package": {
        "Id": "UiPath.GSuite.Activities",
        "Version": "1.13.2"
      },
      "Assemblies": [
        "C:\\Users\\ppatidar002\\.nuget\\packages\\uipath.gsuite.activities\\1.13.2\\lib\\net461\\UiPath.GSuite.Activities.Design.dll",
        "C:\\Users\\ppatidar002\\.nuget\\packages\\uipath.gsuite.activities\\1.13.2\\lib\\net461\\UiPath.GSuite.Activities.Package.dll",
        "C:\\Users\\ppatidar002\\.nuget\\packages\\uipath.gsuite.activities\\1.13.2\\lib\\net461\\UiPath.GSuite.Activities.dll",
        "C:\\Users\\ppatidar002\\.nuget\\packages\\uipath.gsuite.activities\\1.13.2\\lib\\net461\\UiPath.GSuite.dll",
        "C:\\Users\\ppatidar002\\.nuget\\packages\\uipath.gsuite.activities\\1.13.2\\lib\\net461\\UiPath.Orchestrator.dll"
      ],
      "Path": "C:\\Users\\ppatidar002\\.nuget\\packages\\uipath.gsuite.activities\\1.13.2"
    },
    {
      "Package": {
        "Id": "UiPath.OCR.Activities",
        "Version": "2.4.1"
      },
      "Assemblies": [
        "C:\\Users\\ppatidar002\\.nuget\\packages\\uipath.ocr.activities\\2.4.1\\lib\\net461\\UiPath.OCR.Activities.Design.dll",
        "C:\\Users\\ppatidar002\\.nuget\\packages\\uipath.ocr.activities\\2.4.1\\lib\\net461\\UiPath.OCR.Activities.dll",
        "C:\\Users\\ppatidar002\\.nuget\\packages\\uipath.ocr.activities\\2.4.1\\lib\\net461\\UiPath.OCR.Core.dll"
      ],
      "Path": "C:\\Users\\ppatidar002\\.nuget\\packages\\uipath.ocr.activities\\2.4.1"
    },
    {
      "Package": {
        "Id": "UiPath.OCR.Contracts",
        "Version": "2.7.1"
      },
      "Assemblies": [
        "C:\\Users\\ppatidar002\\.nuget\\packages\\uipath.ocr.contracts\\2.7.1\\lib\\net461\\UiPath.OCR.Contracts.dll"
      ],
      "Path": "C:\\Users\\ppatidar002\\.nuget\\packages\\uipath.ocr.contracts\\2.7.1"
    },
    {
      "Package": {
        "Id": "UiPath.Platform",
        "Version": "21.10.0"
      },
      "Assemblies": [
        "C:\\Users\\ppatidar002\\.nuget\\packages\\uipath.platform\\21.10.0\\lib\\net461\\UiPath.Platform.dll"
      ],
      "Path": "C:\\Users\\ppatidar002\\.nuget\\packages\\uipath.platform\\21.10.0"
    },
    {
      "Package": {
        "Id": "UiPath.System.Activities",
        "Version": "20.10.4"
      },
      "Assemblies": [
        "C:\\Users\\ppatidar002\\.nuget\\packages\\uipath.system.activities\\20.10.4\\lib\\net461\\ActiproSoftware.Docking.Wpf.dll",
        "C:\\Users\\ppatidar002\\.nuget\\packages\\uipath.system.activities\\20.10.4\\lib\\net461\\ActiproSoftware.Ribbon.Wpf.dll",
        "C:\\Users\\ppatidar002\\.nuget\\packages\\uipath.system.activities\\20.10.4\\lib\\net461\\ActiproSoftware.Shared.Wpf.dll",
        "C:\\Users\\ppatidar002\\.nuget\\packages\\uipath.system.activities\\20.10.4\\lib\\net461\\ActiproSoftware.SyntaxEditor.Addons.DotNet.Wpf.dll",
        "C:\\Users\\ppatidar002\\.nuget\\packages\\uipath.system.activities\\20.10.4\\lib\\net461\\ActiproSoftware.SyntaxEditor.Wpf.dll",
        "C:\\Users\\ppatidar002\\.nuget\\packages\\uipath.system.activities\\20.10.4\\lib\\net461\\ActiproSoftware.Text.Addons.DotNet.Wpf.dll",
        "C:\\Users\\ppatidar002\\.nuget\\packages\\uipath.system.activities\\20.10.4\\lib\\net461\\ActiproSoftware.Text.LLParser.Wpf.dll",
        "C:\\Users\\ppatidar002\\.nuget\\packages\\uipath.system.activities\\20.10.4\\lib\\net461\\ActiproSoftware.Text.Wpf.dll",
        "C:\\Users\\ppatidar002\\.nuget\\packages\\uipath.system.activities\\20.10.4\\lib\\net461\\ActiproSoftware.Wizard.Wpf.dll",
        "C:\\Users\\ppatidar002\\.nuget\\packages\\uipath.system.activities\\20.10.4\\lib\\net461\\CustomInputForm.exe",
        "C:\\Users\\ppatidar002\\.nuget\\packages\\uipath.system.activities\\20.10.4\\lib\\net461\\UiPath.OrchestratorClient.dll",
        "C:\\Users\\ppatidar002\\.nuget\\packages\\uipath.system.activities\\20.10.4\\lib\\net461\\UiPath.System.Activities.Design.dll",
        "C:\\Users\\ppatidar002\\.nuget\\packages\\uipath.system.activities\\20.10.4\\lib\\net461\\UiPath.System.Activities.dll"
      ],
      "Path": "C:\\Users\\ppatidar002\\.nuget\\packages\\uipath.system.activities\\20.10.4"
    },
    {
      "Package": {
        "Id": "UiPath.Telemetry.Client",
        "Version": "1.5.3"
      },
      "Assemblies": [
        "C:\\Users\\ppatidar002\\.nuget\\packages\\uipath.telemetry.client\\1.5.3\\lib\\net461\\TelemetryClient.dll"
      ],
      "Path": "C:\\Users\\ppatidar002\\.nuget\\packages\\uipath.telemetry.client\\1.5.3"
    },
    {
      "Package": {
        "Id": "UiPath.UIAutomation.Activities",
        "Version": "20.10.9"
      },
      "Assemblies": [
        "C:\\Users\\ppatidar002\\.nuget\\packages\\uipath.uiautomation.activities\\20.10.9\\lib\\net461\\ActiproSoftware.DataGrid.Contrib.Wpf.dll",
        "C:\\Users\\ppatidar002\\.nuget\\packages\\uipath.uiautomation.activities\\20.10.9\\lib\\net461\\ActiproSoftware.Docking.Wpf.dll",
        "C:\\Users\\ppatidar002\\.nuget\\packages\\uipath.uiautomation.activities\\20.10.9\\lib\\net461\\ActiproSoftware.Editors.Wpf.dll",
        "C:\\Users\\ppatidar002\\.nuget\\packages\\uipath.uiautomation.activities\\20.10.9\\lib\\net461\\ActiproSoftware.Ribbon.Wpf.dll",
        "C:\\Users\\ppatidar002\\.nuget\\packages\\uipath.uiautomation.activities\\20.10.9\\lib\\net461\\ActiproSoftware.Shared.Wpf.dll",
        "C:\\Users\\ppatidar002\\.nuget\\packages\\uipath.uiautomation.activities\\20.10.9\\lib\\net461\\ActiproSoftware.SyntaxEditor.Addons.DotNet.Wpf.dll",
        "C:\\Users\\ppatidar002\\.nuget\\packages\\uipath.uiautomation.activities\\20.10.9\\lib\\net461\\ActiproSoftware.SyntaxEditor.Wpf.dll",
        "C:\\Users\\ppatidar002\\.nuget\\packages\\uipath.uiautomation.activities\\20.10.9\\lib\\net461\\ActiproSoftware.Text.Addons.DotNet.Wpf.dll",
        "C:\\Users\\ppatidar002\\.nuget\\packages\\uipath.uiautomation.activities\\20.10.9\\lib\\net461\\ActiproSoftware.Text.LLParser.Wpf.dll",
        "C:\\Users\\ppatidar002\\.nuget\\packages\\uipath.uiautomation.activities\\20.10.9\\lib\\net461\\ActiproSoftware.Text.Wpf.dll",
        "C:\\Users\\ppatidar002\\.nuget\\packages\\uipath.uiautomation.activities\\20.10.9\\lib\\net461\\ActiproSoftware.Wizard.Wpf.dll",
        "C:\\Users\\ppatidar002\\.nuget\\packages\\uipath.uiautomation.activities\\20.10.9\\lib\\net461\\UiPath.CV.Activities.Design.dll",
        "C:\\Users\\ppatidar002\\.nuget\\packages\\uipath.uiautomation.activities\\20.10.9\\lib\\net461\\UiPath.CV.Activities.dll",
        "C:\\Users\\ppatidar002\\.nuget\\packages\\uipath.uiautomation.activities\\20.10.9\\lib\\net461\\UiPath.CV.dll",
        "C:\\Users\\ppatidar002\\.nuget\\packages\\uipath.uiautomation.activities\\20.10.9\\lib\\net461\\UiPath.UIAutomation.Activities.Design.dll",
        "C:\\Users\\ppatidar002\\.nuget\\packages\\uipath.uiautomation.activities\\20.10.9\\lib\\net461\\UiPath.UIAutomationCore.dll",
        "C:\\Users\\ppatidar002\\.nuget\\packages\\uipath.uiautomation.activities\\20.10.9\\lib\\net461\\UiPath.UIAutomationNext.Activities.Design.dll",
        "C:\\Users\\ppatidar002\\.nuget\\packages\\uipath.uiautomation.activities\\20.10.9\\lib\\net461\\UiPath.UIAutomationNext.Activities.dll",
        "C:\\Users\\ppatidar002\\.nuget\\packages\\uipath.uiautomation.activities\\20.10.9\\lib\\net461\\UiPath.UIAutomationNext.dll",
        "C:\\Users\\ppatidar002\\.nuget\\packages\\uipath.uiautomation.activities\\20.10.9\\lib\\net461\\UiPath.UiAutomation.Activities.dll",
        "C:\\Users\\ppatidar002\\.nuget\\packages\\uipath.uiautomation.activities\\20.10.9\\lib\\net461\\UiPath.Wizards.dll"
      ],
      "Path": "C:\\Users\\ppatidar002\\.nuget\\packages\\uipath.uiautomation.activities\\20.10.9"
    },
    {
      "Package": {
        "Id": "UiPath.Vision",
        "Version": "2.2.0"
      },
      "Assemblies": [
        "C:\\Users\\ppatidar002\\.nuget\\packages\\uipath.vision\\2.2.0\\lib\\net461\\UiPath.Vision.Core.dll",
        "C:\\Users\\ppatidar002\\.nuget\\packages\\uipath.vision\\2.2.0\\lib\\net461\\UiPath.Vision.dll"
      ],
      "Path": "C:\\Users\\ppatidar002\\.nuget\\packages\\uipath.vision\\2.2.0"
    },
    {
      "Package": {
        "Id": "UiPath.WebAPI.Activities",
        "Version": "1.9.2"
      },
      "Assemblies": [
        "C:\\Users\\ppatidar002\\.nuget\\packages\\uipath.webapi.activities\\1.9.2\\lib\\net461\\UiPath.Web.Activities.Design.dll",
        "C:\\Users\\ppatidar002\\.nuget\\packages\\uipath.webapi.activities\\1.9.2\\lib\\net461\\UiPath.Web.Activities.dll",
        "C:\\Users\\ppatidar002\\.nuget\\packages\\uipath.webapi.activities\\1.9.2\\lib\\net461\\UiPath.Web.dll"
      ],
      "Path": "C:\\Users\\ppatidar002\\.nuget\\packages\\uipath.webapi.activities\\1.9.2"
    }
  ]
}