{"OpenedDocuments":"[\"Main.xaml\",\"Modules/Process_Send_StatusEmail.xaml\",\"Modules/Process_SendDateEmail.xaml\"]","ProjectBreakpoints":"{\"Value\":{}}","ProjectWatches":"{\"Value\":[{\"Id\":\"99fde386-54f3-47ee-81fb-83dbe7822e16\",\"Expression\":\"boolStatusCompare\"},{\"Id\":\"3e9de069-2c3b-458e-855a-4a3be9931bb6\",\"Expression\":\"boolDateCompare\"},{\"Id\":\"a1891598-c53e-4855-bf79-d39f1a30e790\",\"Expression\":\"boolStatusDateCompare\"},{\"Id\":\"55c89041-e55b-46b9-b3fb-134d1e2286ea\",\"Expression\":\"in_dtTransactionItemStatusAndDate( in_dicConfig(TypeOfChange_Column_Name).ToString).ToString.Trim\"},{\"Id\":\"aa3f47fe-8cd9-441b-bfde-e17c34b6655e\",\"Expression\":\"dtStatusAndDateTransactionRow\"},{\"Id\":\"a3861a92-cb16-4848-96ff-8220d77b9f48\",\"Expression\":\"strOutputFile\"},{\"Id\":\"22caa3ca-7d6d-4cf2-b9e0-a6ea6c516920\",\"Expression\":\"intTransactionStatusDate\"},{\"Id\":\"29f8dd67-4b3b-48e5-9064-fe14d84bca59\",\"Expression\":\"in_dtTransactionItemStatusAndDate()\"},{\"Id\":\"5da8742c-2307-4d6b-94cb-b726f838e26b\",\"Expression\":\"uniqueId\"}]}"}